COMMUNE,DCLT,TRANS,AGEREVQ,IPONDI,ILTUU
1001,1001,5,55,4.843533072555049,1
1001,1001,1,25,4.885812204264465,1
1001,1001,5,35,4.843533072555049,1
1001,1001,5,45,4.760069224241159,1
1001,1001,1,20,4.885812204264465,1
1001,1001,1,40,4.885812204264465,1
1001,1001,5,55,4.801619801198707,1
1001,1001,1,55,4.801619801198707,1
1001,1001,5,30,4.928460389916803,1
1001,1001,5,55,4.801619801198707,1
1001,1001,5,30,4.928460389916803,1
1001,1004,5,25,4.843533072555049,2
1001,1004,5,55,4.843533072555049,2
1001,1053,5,50,4.801619801198707,2
1001,1053,5,55,4.801619801198707,2
1001,1053,5,35,4.971480850978714,2
1001,1053,5,50,4.760069224241159,2
1001,1053,5,35,4.885812204264465,2
1001,1053,5,20,4.801619801198707,2
1001,1053,5,50,4.843533072555049,2
1001,1053,5,35,4.843533072555049,2
1001,1053,5,35,4.843533072555049,2
1001,1053,5,55,4.801619801198707,2
1001,1088,5,50,4.801619801198707,2
1001,1093,5,50,4.801619801198707,2
1001,1093,5,55,4.801619801198707,2
1001,1093,5,40,4.801619801198707,2
1001,1093,5,50,4.843533072555049,2
1001,1093,5,30,4.801619801198707,2
1001,1093,5,50,4.843533072555049,2
1001,1093,5,15,4.843533072555049,2
1001,1093,5,40,4.843533072555049,2
1001,1093,5,55,4.801619801198707,2
1001,1093,5,55,4.885812204264465,2
1001,1093,5,45,4.843533072555049,2
1001,1093,5,15,4.843533072555049,2
1001,1093,5,40,4.843533072555049,2
1001,1093,5,35,4.971480850978714,2
1001,1093,4,15,4.971480850978714,2
1001,1093,5,55,4.801619801198707,2
1001,1093,5,55,4.801619801198707,2
1001,1093,5,20,4.843533072555049,2
1001,1134,5,35,4.885812204264465,2
1001,1166,5,40,4.885812204264465,2
1001,1235,5,20,4.885812204264465,2
1001,1244,5,50,4.801619801198707,2
1001,1261,5,30,4.801619801198707,2
1001,1263,5,45,4.885812204264465,2
1001,1272,5,50,4.760069224241159,2
1001,1295,4,15,4.885812204264465,2
1001,1306,5,45,4.885812204264465,2
1001,1306,5,50,4.801619801198707,2
1001,1322,5,60,4.801619801198707,2
1001,1322,5,30,4.885812204264465,2
1001,1322,5,55,4.885812204264465,2
1001,1343,5,30,4.885812204264465,2
1001,1348,5,30,4.885812204264465,2
1001,1348,5,20,4.843533072555049,2
1001,1351,5,35,4.885812204264465,2
1001,1389,5,30,4.885812204264465,2
1001,1389,5,35,4.885812204264465,2
1001,1412,5,55,4.801619801198707,2
1001,1420,5,50,4.843533072555049,2
1001,1427,5,45,4.885812204264465,2
1001,1427,5,35,4.928460389916803,2
1001,1443,5,35,4.928460389916803,2
1001,1443,5,35,4.760069224241159,2
1001,1451,5,45,4.843533072555049,2
1001,1457,5,50,4.885812204264465,2
1001,69005,5,25,4.760069224241159,2
1001,69019,5,40,4.843533072555049,2
1001,69019,5,40,4.843533072555049,2
1001,69029,5,45,4.843533072555049,2
1001,69029,5,50,4.843533072555049,2
1001,69063,5,50,4.843533072555049,2
1001,69115,5,35,4.885812204264465,2
1001,69143,5,55,4.760069224241159,2
1001,69256,5,35,4.885812204264465,2
1001,69264,5,45,4.843533072555049,2
1001,69264,5,25,4.801619801198707,2
1001,69264,5,45,4.843533072555049,2
1001,69271,5,55,4.801619801198707,2
1001,69275,5,35,4.928460389916803,2
1001,69275,5,30,4.928460389916803,2
1001,69278,5,50,4.801619801198707,2
1001,69278,5,45,4.801619801198707,2
1001,69286,5,45,4.843533072555049,2
1001,69382,6,45,4.801619801198707,2
1001,71270,5,25,4.843533072555049,2
1001,73227,5,60,4.801619801198707,2
1002,1002,5,30,5.040523698772973,1
1002,1002,1,55,4.740839571410466,1
1002,1002,5,35,4.888385644747677,1
1002,1002,5,30,5.040523698772973,1
1002,1004,5,40,5.040523698772973,2
1002,1004,5,60,4.59774687907453,2
1002,1007,5,35,4.888385644747677,2
1002,1007,5,40,5.197396646721272,2
1002,1033,5,45,4.888385644747677,2
1002,1053,5,40,5.040523698772973,2
1002,1074,5,45,4.740839571410466,2
1002,1142,5,50,4.888385644747677,2
1002,1173,5,55,4.59774687907453,2
1002,1273,5,35,5.040523698772973,2
1002,1273,5,35,5.040523698772973,2
1002,1390,5,55,4.740839571410466,2
1002,1390,5,40,5.040523698772973,2
1002,1416,5,35,5.197396646721272,2
1002,1431,5,50,4.888385644747677,2
1002,69277,5,35,4.888385644747677,2
1002,69285,5,35,4.888385644747677,2
1002,73065,5,50,4.740839571410466,2
1002,92036,6,60,4.59774687907453,2
1004,1004,5,45,1.2944651215345426,3
1004,1004,2,20,1.2944651215345426,3
1004,1004,3,45,1.2944651215345426,3
1004,1004,5,15,1.2944651215345426,3
1004,1004,5,35,1.2944651215345426,3
1004,1004,2,25,5.819278241591143,3
1004,1004,5,60,5.819278241591143,3
1004,1004,1,50,5.819278241591143,3
1004,1004,5,60,5.819278241591143,3
1004,1004,5,40,5.819278241591143,3
1004,1004,1,40,5.819278241591143,3
1004,1004,3,35,5.819278241591143,3
1004,1004,5,50,5.819278241591143,3
1004,1004,5,40,5.819278241591143,3
1004,1004,5,35,1.2944651215345426,3
1004,1004,5,20,1.2944651215345426,3
1004,1004,2,35,1.2944651215345426,3
1004,1004,5,30,1.2944651215345426,3
1004,1004,5,25,1.2944651215345426,3
1004,1004,5,55,1.2944651215345426,3
1004,1004,5,30,1.2944651215345426,3
1004,1004,1,35,1.2944651215345426,3
1004,1004,5,25,1.2944651215345426,3
1004,1004,2,50,1.2944651215345426,3
1004,1004,5,35,1.2944651215345426,3
1004,1004,5,25,1.2944651215345426,3
1004,1004,5,30,5.819278241591143,3
1004,1004,5,55,5.819278241591143,3
1004,1004,5,45,5.819278241591143,3
1004,1004,2,50,5.819278241591143,3
1004,1004,2,35,5.819278241591143,3
1004,1004,3,60,5.819278241591143,3
1004,1004,2,20,5.819278241591143,3
1004,1004,2,20,5.819278241591143,3
1004,1004,2,25,5.819278241591143,3
1004,1004,2,20,5.819278241591143,3
1004,1004,2,25,5.819278241591143,3
1004,1004,3,30,5.819278241591143,3
1004,1004,5,45,5.819278241591143,3
1004,1004,2,35,5.819278241591143,3
1004,1004,2,20,5.819278241591143,3
1004,1004,2,30,5.819278241591143,3
1004,1004,5,25,1.2944651215345426,3
1004,1004,5,30,1.2944651215345426,3
1004,1004,5,25,1.2944651215345426,3
1004,1004,5,40,5.819278241591143,3
1004,1004,2,20,5.819278241591143,3
1004,1004,5,35,5.819278241591143,3
1004,1004,3,20,1.2944651215345426,3
1004,1004,5,45,5.819278241591143,3
1004,1004,5,50,5.819278241591143,3
1004,1004,2,35,5.819278241591143,3
1004,1004,5,30,1.2944651215345426,3
1004,1004,5,35,1.2944651215345426,3
1004,1004,5,35,1.2944651215345426,3
1004,1004,5,45,1.2944651215345426,3
1004,1004,5,30,1.2944651215345426,3
1004,1004,5,50,1.2944651215345426,3
1004,1004,5,35,1.2944651215345426,3
1004,1004,6,45,1.2944651215345426,3
1004,1004,5,50,6.3332362662066135,3
1004,1004,2,20,1.4087921409993496,3
1004,1004,3,30,1.4087921409993496,3
1004,1004,5,30,1.4087921409993496,3
1004,1004,2,20,1.4087921409993496,3
1004,1004,2,30,1.4087921409993496,3
1004,1004,2,50,1.4087921409993496,3
1004,1004,5,50,6.3332362662066135,3
1004,1004,1,55,6.3332362662066135,3
1004,1004,5,40,6.3332362662066135,3
1004,1004,5,55,6.3332362662066135,3
1004,1004,5,20,6.3332362662066135,3
1004,1004,5,60,6.3332362662066135,3
1004,1004,6,35,6.3332362662066135,3
1004,1004,2,50,6.3332362662066135,3
1004,1004,5,40,6.3332362662066135,3
1004,1004,6,40,6.3332362662066135,3
1004,1004,5,40,1.4087921409993496,3
1004,1004,5,30,1.4087921409993496,3
1004,1004,5,60,6.3332362662066135,3
1004,1004,1,60,6.3332362662066135,3
1004,1004,2,55,6.3332362662066135,3
1004,1004,1,70,6.3332362662066135,3
1004,1004,2,30,6.3332362662066135,3
1004,1004,6,20,6.3332362662066135,3
1004,1004,5,60,6.3332362662066135,3
1004,1004,5,25,6.3332362662066135,3
1004,1004,5,35,6.3332362662066135,3
1004,1004,5,25,6.3332362662066135,3
1004,1004,1,25,1.4087921409993496,3
1004,1004,1,30,1.4087921409993496,3
1004,1004,5,55,1.4087921409993496,3
1004,1004,5,55,5.406825879395404,3
1004,1004,5,30,1.2027174554165994,3
1004,1004,5,30,1.2027174554165994,3
1004,1004,5,25,1.2027174554165994,3
1004,1004,5,35,1.2027174554165994,3
1004,1004,5,35,1.2027174554165994,3
1004,1004,5,65,5.406825879395404,3
1004,1004,5,45,5.406825879395404,3
1004,1004,5,30,1.2944651215345426,3
1004,1004,5,35,1.2944651215345426,3
1004,1004,5,20,1.236423278869884,3
1004,1004,2,20,1.236423278869884,3
1004,1004,3,35,1.236423278869884,3
1004,1004,1,40,1.236423278869884,3
1004,1004,1,35,1.236423278869884,3
1004,1004,5,40,1.236423278869884,3
1004,1004,5,40,1.236423278869884,3
1004,1004,1,35,1.236423278869884,3
1004,1004,5,40,1.236423278869884,3
1004,1004,5,45,1.236423278869884,3
1004,1004,1,60,5.558350676605923,3
1004,1004,5,40,5.558350676605923,3
1004,1004,5,50,1.236423278869884,3
1004,1004,5,50,1.236423278869884,3
1004,1004,1,45,1.236423278869884,3
1004,1004,5,55,5.558350676605923,3
1004,1004,5,45,1.236423278869884,3
1004,1004,5,45,1.236423278869884,3
1004,1004,5,45,5.558350676605923,3
1004,1004,5,25,1.236423278869884,3
1004,1004,5,45,1.236423278869884,3
1004,1004,5,25,1.236423278869884,3
1004,1004,5,25,1.236423278869884,3
1004,1004,5,65,5.558350676605923,3
1004,1004,5,25,5.558350676605923,3
1004,1004,5,40,1.236423278869884,3
1004,1004,5,40,1.236423278869884,3
1004,1004,1,40,5.558350676605923,3
1004,1004,5,35,1.236423278869884,3
1004,1004,5,25,1.236423278869884,3
1004,1004,5,35,1.236423278869884,3
1004,1004,5,35,1.236423278869884,3
1004,1004,5,50,5.558350676605923,3
1004,1004,5,55,5.558350676605923,3
1004,1004,5,50,5.558350676605923,3
1004,1004,5,60,5.558350676605923,3
1004,1004,1,40,1.236423278869884,3
1004,1004,2,30,5.558350676605923,3
1004,1004,5,55,5.558350676605923,3
1004,1004,5,35,5.558350676605923,3
1004,1004,1,50,1.236423278869884,3
1004,1004,5,55,1.236423278869884,3
1004,1004,5,30,5.558350676605923,3
1004,1004,5,40,5.558350676605923,3
1004,1004,5,40,5.558350676605923,3
1004,1004,5,45,5.558350676605923,3
1004,1004,5,40,5.558350676605923,3
1004,1004,1,15,5.558350676605923,3
1004,1004,5,45,1.236423278869884,3
1004,1004,5,30,1.236423278869884,3
1004,1004,2,20,5.558350676605923,3
1004,1004,2,60,5.558350676605923,3
1004,1004,5,40,1.236423278869884,3
1004,1004,5,40,1.236423278869884,3
1004,1004,5,45,1.236423278869884,3
1004,1004,1,30,1.236423278869884,3
1004,1004,5,35,1.236423278869884,3
1004,1004,2,35,1.2944651215345426,3
1004,1004,2,60,1.2944651215345426,3
1004,1004,5,40,1.2944651215345426,3
1004,1004,2,60,1.2944651215345426,3
1004,1004,5,35,1.2944651215345426,3
1004,1004,5,35,1.2944651215345426,3
1004,1004,5,35,1.2944651215345426,3
1004,1004,5,60,1.2944651215345426,3
1004,1004,5,40,1.2944651215345426,3
1004,1004,5,30,1.2944651215345426,3
1004,1004,5,20,1.2944651215345426,3
1004,1004,5,20,1.2944651215345426,3
1004,1004,5,35,1.2944651215345426,3
1004,1004,5,35,1.2944651215345426,3
1004,1004,5,15,1.2944651215345426,3
1004,1004,2,35,1.2944651215345426,3
1004,1004,2,20,1.2944651215345426,3
1004,1004,5,50,1.2944651215345426,3
1004,1004,5,35,1.2944651215345426,3
1004,1004,5,25,1.2944651215345426,3
1004,1004,5,45,1.2944651215345426,3
1004,1004,2,20,1.2944651215345426,3
1004,1004,5,50,1.2944651215345426,3
1004,1004,2,35,1.2944651215345426,3
1004,1004,2,30,1.2944651215345426,3
1004,1004,5,60,1.2944651215345426,3
1004,1004,5,50,1.2944651215345426,3
1004,1004,5,40,1.2944651215345426,3
1004,1004,2,50,1.2944651215345426,3
1004,1004,2,45,1.2944651215345426,3
1004,1004,3,30,1.2944651215345426,3
1004,1004,2,15,1.2944651215345426,3
1004,1004,3,40,4.403740487592907,3
1004,1004,5,20,1.2027174554165994,3
1004,1004,2,60,4.206283477539327,3
1004,1004,5,15,4.206283477539327,3
1004,1004,2,60,4.206283477539327,3
1004,1004,5,35,4.206283477539327,3
1004,1004,1,25,1.236423278869884,3
1004,1004,5,45,4.206283477539327,3
1004,1004,2,35,1.2027174554165994,3
1004,1004,5,30,1.236423278869884,3
1004,1004,5,35,1.2027174554165994,3
1004,1004,1,50,1.236423278869884,3
1004,1004,5,20,1.4087921409993496,3
1004,1004,6,15,4.403740487592907,3
1004,1004,5,25,1.4087921409993496,3
1004,1004,5,50,4.403740487592907,3
1004,1004,5,25,4.792678370945184,3
1004,1004,5,40,4.792678370945184,3
1004,1004,5,55,4.792678370945184,3
1004,1004,5,50,4.403740487592907,3
1004,1004,2,25,4.403740487592907,3
1004,1004,2,30,4.403740487592907,3
1004,1004,2,45,4.403740487592907,3
1004,1004,3,20,4.403740487592907,3
1004,1004,5,55,4.403740487592907,3
1004,1004,5,20,1.236423278869884,3
1004,1004,5,30,1.2944651215345426,3
1004,1004,2,45,1.2944651215345426,3
1004,1004,5,25,4.403740487592907,3
1004,1004,1,35,1.236423278869884,3
1004,1004,5,25,1.2944651215345426,3
1004,1004,3,35,4.403740487592907,3
1004,1004,5,15,4.403740487592907,3
1004,1004,5,55,1.2944651215345426,3
1004,1004,5,30,4.403740487592907,3
1004,1004,2,15,1.2944651215345426,3
1004,1004,2,45,1.2944651215345426,3
1004,1004,6,35,4.091617043550802,3
1004,1004,2,15,1.2944651215345426,3
1004,1004,2,45,1.2944651215345426,3
1004,1004,2,50,4.403740487592907,3
1004,1004,5,20,1.2944651215345426,3
1004,1004,1,40,1.236423278869884,3
1004,1004,5,55,4.403740487592907,3
1004,1004,5,30,4.403740487592907,3
1004,1004,2,25,4.403740487592907,3
1004,1004,2,50,4.403740487592907,3
1004,1004,3,50,4.403740487592907,3
1004,1004,3,40,4.403740487592907,3
1004,1004,3,30,4.403740487592907,3
1004,1004,5,55,4.206283477539327,3
1004,1004,5,50,4.206283477539327,3
1004,1004,3,55,1.236423278869884,3
1004,1004,5,60,4.206283477539327,3
1004,1004,5,30,4.403740487592907,3
1004,1004,5,30,1.236423278869884,3
1004,1004,5,30,4.206283477539327,3
1004,1004,2,45,1.236423278869884,3
1004,1004,5,50,4.206283477539327,3
1004,1004,2,55,4.206283477539327,3
1004,1004,2,20,4.206283477539327,3
1004,1004,5,65,4.206283477539327,3
1004,1004,5,30,4.206283477539327,3
1004,1004,2,50,4.206283477539327,3
1004,1004,5,45,4.206283477539327,3
1004,1004,1,25,1.236423278869884,3
1004,1004,2,45,4.206283477539327,3
1004,1004,1,55,4.091617043550802,3
1004,1004,2,45,4.206283477539327,3
1004,1004,5,40,1.2027174554165994,3
1004,1004,5,35,4.206283477539327,3
1004,1004,1,30,5.0000157144242525,3
1004,1004,5,35,4.091617043550802,3
1004,1004,5,35,4.206283477539327,3
1004,1004,5,25,1.236423278869884,3
1004,1004,1,40,1.236423278869884,3
1004,1004,5,60,4.206283477539327,3
1004,1004,3,35,4.206283477539327,3
1004,1004,5,35,4.206283477539327,3
1004,1004,5,35,4.206283477539327,3
1004,1004,1,25,5.0000157144242525,3
1004,1004,2,50,4.206283477539327,3
1004,1004,5,60,1.236423278869884,3
1004,1004,1,30,4.206283477539327,3
1004,1004,2,35,4.206283477539327,3
1004,1004,5,20,4.206283477539327,3
1004,1004,2,20,5.0000157144242525,3
1004,1004,5,60,4.206283477539327,3
1004,1004,2,15,4.206283477539327,3
1004,1004,2,35,4.206283477539327,3
1004,1004,2,50,4.206283477539327,3
1004,1004,5,50,4.206283477539327,3
1004,1004,5,15,4.206283477539327,3
1004,1004,5,55,4.206283477539327,3
1004,1004,1,50,4.206283477539327,3
1004,1004,5,55,4.206283477539327,3
1004,1004,1,50,4.206283477539327,3
1004,1004,5,50,4.206283477539327,3
1004,1004,1,45,5.0000157144242525,3
1004,1004,5,60,4.206283477539327,3
1004,1004,5,45,4.206283477539327,3
1004,1004,5,50,4.206283477539327,3
1004,1004,5,30,1.236423278869884,3
1004,1004,5,35,1.2027174554165994,3
1004,1004,5,25,1.2027174554165994,3
1004,1004,5,30,1.236423278869884,3
1004,1004,5,30,1.2027174554165994,3
1004,1004,5,25,4.091617043550802,3
1004,1004,5,30,4.403740487592907,3
1004,1004,3,35,4.403740487592907,3
1004,1004,5,50,4.403740487592907,3
1004,1004,1,55,5.0000157144242525,3
1004,1004,2,55,1.2027174554165994,3
1004,1004,1,20,5.0000157144242525,3
1004,1004,1,55,5.0000157144242525,3
1004,1004,1,35,5.0000157144242525,3
1004,1004,5,25,1.2027174554165994,3
1004,1004,5,35,1.2027174554165994,3
1004,1004,5,30,1.2027174554165994,3
1004,1004,2,50,4.792678370945184,3
1004,1004,1,50,5.0000157144242525,3
1004,1004,5,30,1.236423278869884,3
1004,1004,1,15,4.792678370945184,3
1004,1004,5,45,4.206283477539327,3
1004,1004,5,30,4.792678370945184,3
1004,1004,5,45,1.236423278869884,3
1004,1004,2,15,4.792678370945184,3
1004,1004,2,30,4.206283477539327,3
1004,1004,5,25,4.206283477539327,3
1004,1004,5,45,1.236423278869884,3
1004,1004,5,55,4.091617043550802,3
1004,1004,1,55,4.792678370945184,3
1004,1004,2,50,4.792678370945184,3
1004,1004,4,20,4.792678370945184,3
1004,1004,5,35,1.2027174554165994,3
1004,1004,4,15,4.792678370945184,3
1004,1004,2,50,4.792678370945184,3
1004,1004,5,30,4.792678370945184,3
1004,1004,5,25,4.403740487592907,3
1004,1004,5,30,4.792678370945184,3
1004,1004,2,15,4.792678370945184,3
1004,1004,3,15,4.792678370945184,3
1004,1004,5,30,4.206283477539327,3
1004,1004,5,50,4.403740487592907,3
1004,1004,5,45,4.206283477539327,3
1004,1004,2,40,5.0000157144242525,3
1004,1004,6,20,1.4087921409993496,3
1004,1004,6,25,4.403740487592907,3
1004,1004,1,40,1.236423278869884,3
1004,1004,5,20,1.236423278869884,3
1004,1004,5,25,4.206283477539327,3
1004,1004,5,65,4.403740487592907,3
1004,1004,1,40,1.4087921409993496,3
1004,1004,5,50,4.206283477539327,3
1004,1004,2,15,4.206283477539327,3
1004,1004,5,35,1.236423278869884,3
1004,1004,5,50,1.236423278869884,3
1004,1004,2,25,4.403740487592907,3
1004,1004,2,55,4.792678370945184,3
1004,1004,2,45,4.792678370945184,3
1004,1004,5,50,4.792678370945184,3
1004,1004,5,40,1.2944651215345426,3
1004,1004,5,45,1.4087921409993496,3
1004,1004,5,60,4.403740487592907,3
1004,1004,2,40,5.0000157144242525,3
1004,1004,3,35,1.4087921409993496,3
1004,1004,5,45,4.403740487592907,3
1004,1004,3,30,1.4087921409993496,3
1004,1004,2,50,4.403740487592907,3
1004,1004,5,35,1.236423278869884,3
1004,1004,5,25,4.403740487592907,3
1004,1004,3,35,1.236423278869884,3
1004,1004,5,25,4.403740487592907,3
1004,1004,5,30,1.236423278869884,3
1004,1004,2,35,1.4087921409993496,3
1004,1004,3,40,1.4087921409993496,3
1004,1004,2,25,1.4087921409993496,3
1004,1004,2,30,1.4087921409993496,3
1004,1004,5,35,1.236423278869884,3
1004,1004,5,45,5.0000157144242525,3
1004,1004,5,15,5.0000157144242525,3
1004,1004,5,45,5.0000157144242525,3
1004,1004,5,30,5.0000157144242525,3
1004,1004,5,25,5.0000157144242525,3
1004,1004,5,40,5.0000157144242525,3
1004,1004,5,45,5.0000157144242525,3
1004,1004,2,25,5.0000157144242525,3
1004,1004,5,25,5.0000157144242525,3
1004,1004,5,30,5.0000157144242525,3
1004,1004,2,15,5.0000157144242525,3
1004,1004,5,25,5.0000157144242525,3
1004,1004,5,30,5.0000157144242525,3
1004,1004,5,20,5.0000157144242525,3
1004,1004,5,30,5.0000157144242525,3
1004,1004,1,25,5.0000157144242525,3
1004,1004,5,45,5.0000157144242525,3
1004,1004,2,20,5.0000157144242525,3
1004,1004,2,20,5.0000157144242525,3
1004,1004,2,25,5.0000157144242525,3
1004,1004,6,15,5.0000157144242525,3
1004,1004,5,25,5.0000157144242525,3
1004,1004,5,35,5.0000157144242525,3
1004,1004,5,50,5.0000157144242525,3
1004,1004,5,30,5.0000157144242525,3
1004,1004,5,50,5.0000157144242525,3
1004,1004,5,20,5.0000157144242525,3
1004,1004,5,25,5.0000157144242525,3
1004,1004,1,25,5.0000157144242525,3
1004,1004,1,25,5.0000157144242525,3
1004,1004,2,40,5.0000157144242525,3
1004,1004,1,30,5.0000157144242525,3
1004,1004,1,40,5.0000157144242525,3
1004,1004,5,35,5.0000157144242525,3
1004,1004,2,20,5.0000157144242525,3
1004,1004,3,25,5.0000157144242525,3
1004,1004,5,50,5.0000157144242525,3
1004,1004,5,55,5.0000157144242525,3
1004,1004,2,15,5.0000157144242525,3
1004,1004,3,20,3.494272910891071,3
1004,1004,5,40,3.7608287698000624,3
1004,1004,5,30,3.592198941066873,3
1004,1004,2,55,3.7608287698000624,3
1004,1004,5,25,3.592198941066873,3
1004,1004,5,30,4.092984759803895,3
1004,1004,5,60,3.592198941066873,3
1004,1004,5,50,1.236423278869884,3
1004,1004,5,25,3.592198941066873,3
1004,1004,5,40,3.592198941066873,3
1004,1004,5,50,3.592198941066873,3
1004,1004,5,75,3.7608287698000624,3
1004,1004,5,20,3.592198941066873,3
1004,1004,5,20,1.4087921409993496,3
1004,1004,5,40,3.592198941066873,3
1004,1004,5,50,3.7608287698000624,3
1004,1004,5,25,3.592198941066873,3
1004,1004,1,25,4.092984759803895,3
1004,1004,5,25,3.592198941066873,3
1004,1004,2,35,3.592198941066873,3
1004,1004,5,30,3.592198941066873,3
1004,1004,5,45,1.2027174554165994,3
1004,1004,5,45,1.2027174554165994,3
1004,1004,4,15,3.7608287698000624,3
1004,1004,5,35,1.2027174554165994,3
1004,1004,5,50,3.7608287698000624,3
1004,1004,5,45,3.592198941066873,3
1004,1004,2,60,3.494272910891071,3
1004,1004,2,50,3.7608287698000624,3
1004,1004,5,25,1.4087921409993496,3
1004,1004,2,60,1.4087921409993496,3
1004,1004,2,45,3.592198941066873,3
1004,1004,5,25,1.4087921409993496,3
1004,1004,5,55,3.592198941066873,3
1004,1004,5,50,3.592198941066873,3
1004,1004,1,40,4.092984759803895,3
1004,1004,1,45,3.7608287698000624,3
1004,1004,5,25,3.592198941066873,3
1004,1004,5,40,3.592198941066873,3
1004,1004,5,30,1.4087921409993496,3
1004,1004,5,40,3.7608287698000624,3
1004,1004,2,40,3.7608287698000624,3
1004,1004,5,35,3.592198941066873,3
1004,1004,5,35,3.7608287698000624,3
1004,1004,5,40,3.7608287698000624,3
1004,1004,5,40,3.7608287698000624,3
1004,1004,3,45,3.592198941066873,3
1004,1004,5,45,4.092984759803895,3
1004,1004,1,60,4.092984759803895,3
1004,1004,5,40,3.7608287698000624,3
1004,1004,5,50,3.7608287698000624,3
1004,1004,2,25,4.092984759803895,3
1004,1004,5,55,3.7608287698000624,3
1004,1004,5,65,4.092984759803895,3
1004,1004,5,55,4.092984759803895,3
1004,1004,5,30,3.7608287698000624,3
1004,1004,5,25,4.092984759803895,3
1004,1004,5,35,4.092984759803895,3
1004,1004,1,45,4.092984759803895,3
1004,1004,3,55,3.7608287698000624,3
1004,1004,5,15,3.7608287698000624,3
1004,1004,5,45,3.7608287698000624,3
1004,1004,5,45,1.2944651215345426,3
1004,1004,5,25,1.4087921409993496,3
1004,1004,1,30,3.592198941066873,3
1004,1004,5,25,4.092984759803895,3
1004,1004,5,50,3.592198941066873,3
1004,1004,5,35,4.092984759803895,3
1004,1004,5,30,3.7608287698000624,3
1004,1004,1,35,1.236423278869884,3
1004,1004,5,55,4.092984759803895,3
1004,1004,5,30,3.592198941066873,3
1004,1004,1,30,3.592198941066873,3
1004,1004,5,60,3.7608287698000624,3
1004,1004,5,65,4.092984759803895,3
1004,1004,5,55,4.092984759803895,3
1004,1004,5,65,3.7608287698000624,3
1004,1004,2,15,1.2944651215345426,3
1004,1004,1,60,4.092984759803895,3
1004,1004,5,35,4.092984759803895,3
1004,1004,5,55,1.236423278869884,3
1004,1004,2,15,1.2944651215345426,3
1004,1004,5,25,3.7608287698000624,3
1004,1004,5,50,1.236423278869884,3
1004,1004,2,35,1.2944651215345426,3
1004,1004,2,25,1.236423278869884,3
1004,1004,2,45,3.7608287698000624,3
1004,1004,2,45,3.7608287698000624,3
1004,1004,5,35,4.092984759803895,3
1004,1004,5,55,3.7608287698000624,3
1004,1004,6,45,1.236423278869884,3
1004,1004,5,55,3.592198941066873,3
1004,1004,2,60,3.7608287698000624,3
1004,1004,5,30,3.592198941066873,3
1004,1004,2,55,3.7608287698000624,3
1004,1004,5,40,4.092984759803895,3
1004,1004,5,40,1.236423278869884,3
1004,1004,5,45,4.092984759803895,3
1004,1004,5,50,3.592198941066873,3
1004,1004,5,35,1.236423278869884,3
1004,1004,5,45,3.7608287698000624,3
1004,1004,6,45,1.236423278869884,3
1004,1004,5,55,3.592198941066873,3
1004,1004,5,45,4.092984759803895,3
1004,1004,2,45,4.092984759803895,3
1004,1004,5,55,3.592198941066873,3
1004,1004,5,40,1.236423278869884,3
1004,1004,5,50,3.7608287698000624,3
1004,1004,2,25,3.7608287698000624,3
1004,1004,5,30,3.7608287698000624,3
1004,1004,5,45,1.236423278869884,3
1004,1004,6,60,4.092984759803895,3
1004,1004,5,25,4.092984759803895,3
1004,1004,5,35,3.494272910891071,3
1004,1004,5,45,1.236423278869884,3
1004,1004,5,45,1.236423278869884,3
1004,1004,5,20,4.092984759803895,3
1004,1004,2,20,4.092984759803895,3
1004,1004,5,60,4.092984759803895,3
1004,1004,5,25,4.092984759803895,3
1004,1004,5,25,4.092984759803895,3
1004,1004,5,50,3.592198941066873,3
1004,1004,5,65,4.092984759803895,3
1004,1004,2,60,4.092984759803895,3
1004,1004,5,20,3.7608287698000624,3
1004,1004,5,20,3.7608287698000624,3
1004,1004,1,60,4.092984759803895,3
1004,1004,1,60,4.092984759803895,3
1004,1004,5,20,3.592198941066873,3
1004,1004,5,35,1.236423278869884,3
1004,1004,5,25,3.7608287698000624,3
1004,1004,1,35,3.592198941066873,3
1004,1004,5,45,3.494272910891071,3
1004,1004,6,25,1.4087921409993496,3
1004,1004,1,50,3.592198941066873,3
1004,1004,5,50,3.7608287698000624,3
1004,1004,5,55,1.236423278869884,3
1004,1004,5,35,4.092984759803895,3
1004,1004,5,25,4.092984759803895,3
1004,1004,2,55,3.7608287698000624,3
1004,1004,2,20,4.092984759803895,3
1004,1004,5,50,3.494272910891071,3
1004,1004,6,35,3.592198941066873,3
1004,1004,2,20,4.092984759803895,3
1004,1004,5,35,3.592198941066873,3
1004,1004,5,25,3.592198941066873,3
1004,1004,5,25,4.092984759803895,3
1004,1004,5,40,1.236423278869884,3
1004,1004,5,25,3.494272910891071,3
1004,1004,5,25,1.4087921409993496,3
1004,1004,6,50,3.494272910891071,3
1004,1004,5,60,3.592198941066873,3
1004,1004,5,60,3.592198941066873,3
1004,1004,5,45,3.592198941066873,3
1004,1004,1,50,3.592198941066873,3
1004,1004,5,50,3.7608287698000624,3
1004,1004,5,40,3.592198941066873,3
1004,1004,1,40,3.7608287698000624,3
1004,1004,2,30,3.494272910891071,3
1004,1004,5,60,3.592198941066873,3
1004,1004,5,35,3.494272910891071,3
1004,1004,2,45,3.7608287698000624,3
1004,1004,5,55,3.592198941066873,3
1004,1004,2,15,4.092984759803895,3
1004,1004,2,55,3.7608287698000624,3
1004,1004,5,30,3.7608287698000624,3
1004,1004,5,25,3.7608287698000624,3
1004,1004,5,35,3.7608287698000624,3
1004,1004,5,35,3.592198941066873,3
1004,1004,2,15,4.092984759803895,3
1004,1004,3,20,3.7608287698000624,3
1004,1004,2,40,4.092984759803895,3
1004,1004,2,40,3.494272910891071,3
1004,1004,5,35,4.092984759803895,3
1004,1004,5,60,3.592198941066873,3
1004,1004,5,20,3.7608287698000624,3
1004,1004,2,60,3.7608287698000624,3
1004,1004,5,30,4.092984759803895,3
1004,1004,5,50,3.618116720086704,3
1004,1004,5,55,3.618116720086704,3
1004,1004,2,35,3.618116720086704,3
1004,1004,5,45,1.236423278869884,3
1004,1004,5,25,1.236423278869884,3
1004,1004,5,30,1.236423278869884,3
1004,1004,5,40,1.2027174554165994,3
1004,1004,5,45,1.2027174554165994,3
1004,1004,5,15,1.2027174554165994,3
1004,1004,1,45,3.519484151867764,3
1004,1004,1,55,3.519484151867764,3
1004,1004,1,55,3.519484151867764,3
1004,1004,5,35,1.2027174554165994,3
1004,1004,5,45,1.2027174554165994,3
1004,1004,5,15,1.2027174554165994,3
1004,1004,5,50,3.519484151867764,3
1004,1004,5,50,3.519484151867764,3
1004,1004,5,30,3.519484151867764,3
1004,1004,3,30,3.519484151867764,3
1004,1004,3,55,3.519484151867764,3
1004,1004,2,70,3.519484151867764,3
1004,1004,5,70,3.519484151867764,3
1004,1004,3,40,3.519484151867764,3
1004,1004,5,30,3.519484151867764,3
1004,1004,5,50,3.519484151867764,3
1004,1004,5,35,3.519484151867764,3
1004,1004,1,55,4.122515717380713,3
1004,1004,1,60,4.122515717380713,3
1004,1004,5,45,3.519484151867764,3
1004,1004,5,35,1.236423278869884,3
1004,1004,1,40,4.122515717380713,3
1004,1004,5,30,1.4087921409993496,3
1004,1004,5,25,1.4087921409993496,3
1004,1004,6,40,4.122515717380713,3
1004,1004,2,45,4.122515717380713,3
1004,1004,2,50,4.122515717380713,3
1004,1004,5,40,4.122515717380713,3
1004,1004,2,50,4.122515717380713,3
1004,1004,5,35,4.122515717380713,3
1004,1004,2,50,4.122515717380713,3
1004,1004,6,40,4.122515717380713,3
1004,1004,5,60,4.122515717380713,3
1004,1004,5,30,1.236423278869884,3
1004,1004,5,35,1.2027174554165994,3
1004,1004,5,20,4.122515717380713,3
1004,1004,5,55,4.122515717380713,3
1004,1004,5,25,4.122515717380713,3
1004,1004,5,55,4.122515717380713,3
1004,1004,2,45,4.122515717380713,3
1004,1004,5,20,4.122515717380713,3
1004,1004,2,50,4.122515717380713,3
1004,1004,1,30,4.122515717380713,3
1004,1004,5,30,4.122515717380713,3
1004,1004,5,50,4.122515717380713,3
1004,1004,5,45,4.122515717380713,3
1004,1004,5,50,4.122515717380713,3
1004,1004,5,50,4.122515717380713,3
1004,1004,1,35,4.122515717380713,3
1004,1004,5,45,4.122515717380713,3
1004,1004,5,35,1.2027174554165994,3
1004,1004,2,20,4.122515717380713,3
1004,1004,6,25,4.122515717380713,3
1004,1004,5,30,3.519484151867764,3
1004,1004,5,45,1.4087921409993496,3
1004,1004,5,50,3.618116720086704,3
1004,1004,5,55,3.7879632160226184,3
1004,1004,2,45,3.7879632160226184,3
1004,1004,2,50,3.7879632160226184,3
1004,1004,5,20,3.7879632160226184,3
1004,1004,5,20,3.7879632160226184,3
1004,1004,5,20,3.7879632160226184,3
1004,1004,5,35,3.7879632160226184,3
1004,1004,5,20,3.7879632160226184,3
1004,1004,5,50,3.519484151867764,3
1004,1004,5,40,3.519484151867764,3
1004,1004,2,40,3.7879632160226184,3
1004,1004,5,50,3.7879632160226184,3
1004,1004,5,50,3.618116720086704,3
1004,1004,5,20,3.7879632160226184,3
1004,1004,5,40,3.7879632160226184,3
1004,1004,2,45,1.2944651215345426,3
1004,1004,2,45,1.2944651215345426,3
1004,1004,5,20,3.7879632160226184,3
1004,1004,5,40,3.7879632160226184,3
1004,1004,3,45,3.7879632160226184,3
1004,1004,3,35,3.7879632160226184,3
1004,1004,5,55,3.7879632160226184,3
1004,1004,1,40,3.7879632160226184,3
1004,1004,5,60,3.7879632160226184,3
1004,1004,5,35,1.236423278869884,3
1004,1004,2,30,3.7879632160226184,3
1004,1004,5,35,3.7879632160226184,3
1004,1004,5,25,3.7879632160226184,3
1004,1004,2,60,3.7879632160226184,3
1004,1004,5,60,3.7879632160226184,3
1004,1004,5,60,3.7879632160226184,3
1004,1004,5,25,3.7879632160226184,3
1004,1004,5,35,3.7879632160226184,3
1004,1004,2,30,3.7879632160226184,3
1004,1004,1,60,3.7879632160226184,3
1004,1004,2,60,3.7879632160226184,3
1004,1004,5,25,3.7879632160226184,3
1004,1004,5,55,3.7879632160226184,3
1004,1004,5,45,3.7879632160226184,3
1004,1004,5,55,3.7879632160226184,3
1004,1004,5,45,3.519484151867764,3
1004,1004,1,35,3.7879632160226184,3
1004,1004,3,25,1.236423278869884,3
1004,1004,5,35,1.2944651215345426,3
1004,1004,5,25,1.2944651215345426,3
1004,1004,5,40,1.2944651215345426,3
1004,1004,5,45,1.2944651215345426,3
1004,1004,5,35,1.2944651215345426,3
1004,1004,5,30,1.2944651215345426,3
1004,1004,5,40,1.2944651215345426,3
1004,1004,5,35,1.2944651215345426,3
1004,1004,2,15,1.2944651215345426,3
1004,1004,2,30,1.2944651215345426,3
1004,1004,2,40,3.7879632160226184,3
1004,1004,5,45,3.7879632160226184,3
1004,1004,5,25,3.7879632160226184,3
1004,1004,5,45,3.618116720086704,3
1004,1004,5,60,3.618116720086704,3
1004,1004,5,60,3.618116720086704,3
1004,1004,2,20,3.618116720086704,3
1004,1004,1,45,3.618116720086704,3
1004,1004,3,55,3.618116720086704,3
1004,1004,5,55,1.236423278869884,3
1004,1004,5,25,3.618116720086704,3
1004,1004,5,45,3.618116720086704,3
1004,1004,5,50,3.618116720086704,3
1004,1004,5,55,3.618116720086704,3
1004,1004,3,25,1.236423278869884,3
1004,1004,5,50,3.618116720086704,3
1004,1004,5,55,3.618116720086704,3
1004,1004,5,35,3.618116720086704,3
1004,1004,5,25,3.618116720086704,3
1004,1004,5,40,1.236423278869884,3
1004,1004,5,45,1.236423278869884,3
1004,1004,3,20,1.236423278869884,3
1004,1004,5,50,1.236423278869884,3
1004,1004,5,45,3.618116720086704,3
1004,1004,2,50,3.618116720086704,3
1004,1004,5,35,3.618116720086704,3
1004,1004,5,30,3.618116720086704,3
1004,1004,5,30,3.618116720086704,3
1004,1004,1,55,3.618116720086704,3
1004,1004,5,55,3.618116720086704,3
1004,1004,3,35,1.236423278869884,3
1004,1004,3,35,3.618116720086704,3
1004,1004,2,30,3.618116720086704,3
1004,1004,1,50,3.618116720086704,3
1004,1004,5,55,3.618116720086704,3
1004,1004,5,55,1.236423278869884,3
1004,1004,5,25,1.236423278869884,3
1004,1004,2,30,1.236423278869884,3
1004,1004,5,30,1.236423278869884,3
1004,1004,5,30,1.236423278869884,3
1004,1004,5,30,1.236423278869884,3
1004,1004,5,60,3.618116720086704,3
1004,1004,6,55,3.618116720086704,3
1004,1004,2,65,3.618116720086704,3
1004,1004,5,45,1.236423278869884,3
1004,1004,5,55,3.618116720086704,3
1004,1004,2,30,3.618116720086704,3
1004,1004,1,35,3.618116720086704,3
1004,1004,4,15,3.618116720086704,3
1004,1004,5,55,3.618116720086704,3
1004,1004,1,30,3.618116720086704,3
1004,1004,1,35,3.618116720086704,3
1004,1004,5,30,3.519484151867764,3
1004,1004,5,55,3.618116720086704,3
1004,1007,5,45,1.236423278869884,5
1004,1007,5,40,4.092984759803895,5
1004,1008,3,40,3.7608287698000624,4
1004,1008,5,35,1.236423278869884,4
1004,1027,5,30,3.519484151867764,5
1004,1027,5,20,4.122515717380713,5
1004,1027,5,20,4.122515717380713,5
1004,1027,5,30,3.7879632160226184,5
1004,1027,6,20,4.092984759803895,5
1004,1027,5,40,1.2944651215345426,5
1004,1027,5,25,1.4087921409993496,5
1004,1027,5,30,1.2944651215345426,5
1004,1027,5,25,1.2944651215345426,5
1004,1027,5,35,1.4087921409993496,5
1004,1027,5,30,5.819278241591143,5
1004,1027,5,35,1.4087921409993496,5
1004,1027,5,35,1.236423278869884,5
1004,1027,5,35,1.4087921409993496,5
1004,1027,5,35,4.206283477539327,5
1004,1027,5,30,4.792678370945184,5
1004,1027,5,35,1.4087921409993496,5
1004,1027,5,25,1.236423278869884,5
1004,1027,5,35,4.206283477539327,5
1004,1027,5,30,4.206283477539327,5
1004,1031,5,40,1.236423278869884,5
1004,1031,5,30,3.7879632160226184,5
1004,1031,5,45,3.618116720086704,5
1004,1032,5,35,4.122515717380713,5
1004,1032,5,30,1.2027174554165994,5
1004,1032,5,30,4.792678370945184,5
1004,1032,5,25,1.2944651215345426,5
1004,1032,5,35,1.4087921409993496,5
1004,1032,5,25,1.236423278869884,5
1004,1032,5,40,4.206283477539327,5
1004,1032,5,25,1.236423278869884,5
1004,1032,5,25,1.236423278869884,5
1004,1032,5,25,4.092984759803895,5
1004,1032,5,25,1.236423278869884,5
1004,1032,5,50,3.7608287698000624,5
1004,1032,5,30,3.592198941066873,5
1004,1032,6,20,3.7608287698000624,5
1004,1032,5,50,5.558350676605923,5
1004,1033,6,70,1.2944651215345426,5
1004,1033,6,25,1.2944651215345426,5
1004,1033,6,25,3.519484151867764,5
1004,1033,6,75,3.7608287698000624,5
1004,1033,6,45,3.7608287698000624,5
1004,1034,5,45,5.558350676605923,5
1004,1034,5,60,3.618116720086704,5
1004,1041,3,20,3.519484151867764,5
1004,1041,5,40,4.091617043550802,5
1004,1043,6,30,4.792678370945184,5
1004,1043,5,55,1.236423278869884,5
1004,1043,5,60,4.792678370945184,5
1004,1043,5,25,1.2944651215345426,5
1004,1043,5,40,3.592198941066873,5
1004,1043,5,45,1.2944651215345426,5
1004,1043,5,45,1.2944651215345426,5
1004,1043,5,20,1.236423278869884,5
1004,1043,5,25,1.2944651215345426,5
1004,1043,5,30,1.236423278869884,5
1004,1043,5,25,1.2944651215345426,5
1004,1043,5,30,1.236423278869884,5
1004,1043,5,20,6.3332362662066135,5
1004,1043,5,20,6.3332362662066135,5
1004,1043,5,60,5.558350676605923,5
1004,1047,5,25,1.2027174554165994,5
1004,1047,5,25,6.3332362662066135,5
1004,1047,5,20,1.236423278869884,5
1004,1047,5,50,6.3332362662066135,5
1004,1047,5,25,5.558350676605923,5
1004,1047,5,25,1.2944651215345426,5
1004,1047,5,35,6.3332362662066135,5
1004,1047,5,40,1.2944651215345426,5
1004,1047,6,25,4.403740487592907,5
1004,1047,5,55,1.236423278869884,5
1004,1047,6,25,4.403740487592907,5
1004,1047,5,25,4.403740487592907,5
1004,1047,5,20,1.4087921409993496,5
1004,1047,5,25,4.403740487592907,5
1004,1047,5,40,1.2944651215345426,5
1004,1047,5,50,1.236423278869884,5
1004,1047,5,40,1.2944651215345426,5
1004,1047,5,30,3.618116720086704,5
1004,1047,5,45,1.4087921409993496,5
1004,1049,6,15,1.2944651215345426,5
1004,1049,5,50,6.3332362662066135,5
1004,1053,5,45,1.236423278869884,5
1004,1053,5,50,5.406825879395404,5
1004,1053,5,50,5.406825879395404,5
1004,1053,5,50,1.2944651215345426,5
1004,1053,5,35,1.2944651215345426,5
1004,1053,5,35,5.558350676605923,5
1004,1053,5,30,1.2944651215345426,5
1004,1053,5,35,5.558350676605923,5
1004,1053,5,50,6.3332362662066135,5
1004,1053,5,40,1.236423278869884,5
1004,1053,5,40,1.236423278869884,5
1004,1053,5,25,1.2944651215345426,5
1004,1053,5,45,1.236423278869884,5
1004,1053,6,55,5.558350676605923,5
1004,1053,5,35,1.236423278869884,5
1004,1053,5,40,1.236423278869884,5
1004,1053,5,50,1.2027174554165994,5
1004,1053,5,50,1.2027174554165994,5
1004,1053,5,25,5.406825879395404,5
1004,1053,5,20,1.2944651215345426,5
1004,1053,5,25,5.819278241591143,5
1004,1053,6,15,4.092984759803895,5
1004,1053,5,45,3.592198941066873,5
1004,1053,5,45,3.592198941066873,5
1004,1053,5,35,3.592198941066873,5
1004,1053,5,35,1.2944651215345426,5
1004,1053,5,40,3.592198941066873,5
1004,1053,5,35,1.236423278869884,5
1004,1053,6,15,3.7608287698000624,5
1004,1053,5,50,3.592198941066873,5
1004,1053,5,30,3.592198941066873,5
1004,1053,5,50,3.592198941066873,5
1004,1053,5,30,3.592198941066873,5
1004,1053,6,50,3.494272910891071,5
1004,1053,5,25,3.592198941066873,5
1004,1053,5,25,1.236423278869884,5
1004,1053,5,55,1.236423278869884,5
1004,1053,5,40,1.4087921409993496,5
1004,1053,6,30,4.792678370945184,5
1004,1053,5,30,4.091617043550802,5
1004,1053,5,60,4.206283477539327,5
1004,1053,5,35,1.2027174554165994,5
1004,1053,5,20,1.4087921409993496,5
1004,1053,5,30,1.236423278869884,5
1004,1053,6,35,1.4087921409993496,5
1004,1053,6,30,4.792678370945184,5
1004,1053,5,30,1.2027174554165994,5
1004,1053,5,40,1.236423278869884,5
1004,1053,5,30,1.236423278869884,5
1004,1053,5,35,4.206283477539327,5
1004,1053,6,35,4.206283477539327,5
1004,1053,5,25,4.403740487592907,5
1004,1053,5,40,1.236423278869884,5
1004,1053,5,35,1.2027174554165994,5
1004,1053,5,50,4.122515717380713,5
1004,1053,5,45,3.618116720086704,5
1004,1053,5,30,1.2944651215345426,5
1004,1053,5,30,1.2944651215345426,5
1004,1053,5,50,4.122515717380713,5
1004,1053,5,55,3.618116720086704,5
1004,1053,5,30,3.618116720086704,5
1004,1053,5,45,1.236423278869884,5
1004,1053,5,35,1.2944651215345426,5
1004,1053,5,45,1.236423278869884,5
1004,1053,5,55,4.122515717380713,5
1004,1053,5,55,3.7879632160226184,5
1004,1053,5,55,3.618116720086704,5
1004,1062,5,20,3.7608287698000624,5
1004,1062,5,35,3.7608287698000624,5
1004,1064,5,45,3.592198941066873,5
1004,1064,5,40,4.092984759803895,5
1004,1064,5,30,3.7608287698000624,5
1004,1064,5,40,4.092984759803895,5
1004,1064,5,25,1.236423278869884,5
1004,1068,5,20,1.2944651215345426,5
1004,1069,5,30,3.618116720086704,5
1004,1069,5,30,3.618116720086704,5
1004,1069,5,45,3.7608287698000624,5
1004,1074,5,45,1.236423278869884,5
1004,1089,5,45,4.403740487592907,5
1004,1089,5,35,5.0000157144242525,5
1004,1089,5,20,1.2944651215345426,5
1004,1089,5,35,4.206283477539327,5
1004,1089,5,35,1.236423278869884,5
1004,1089,5,25,1.2944651215345426,5
1004,1089,5,30,1.236423278869884,5
1004,1089,5,50,1.2944651215345426,5
1004,1089,5,30,4.403740487592907,5
1004,1089,5,50,4.206283477539327,5
1004,1089,5,55,4.206283477539327,5
1004,1089,5,25,1.2944651215345426,5
1004,1089,5,50,4.206283477539327,5
1004,1089,5,55,4.206283477539327,5
1004,1089,3,20,1.2944651215345426,5
1004,1089,5,40,4.403740487592907,5
1004,1089,5,20,3.592198941066873,5
1004,1089,5,15,4.092984759803895,5
1004,1089,5,20,4.092984759803895,5
1004,1089,5,55,1.2944651215345426,5
1004,1089,5,40,1.2944651215345426,5
1004,1089,5,25,1.2944651215345426,5
1004,1089,5,20,1.4087921409993496,5
1004,1089,5,30,1.236423278869884,5
1004,1089,5,30,1.236423278869884,5
1004,1089,5,45,6.3332362662066135,5
1004,1089,5,35,6.3332362662066135,5
1004,1089,5,40,6.3332362662066135,5
1004,1089,5,55,1.2944651215345426,5
1004,1089,5,65,1.236423278869884,5
1004,1089,5,20,1.2944651215345426,5
1004,1089,5,30,1.2944651215345426,5
1004,1089,5,25,6.3332362662066135,5
1004,1089,5,60,4.122515717380713,5
1004,1089,5,30,3.618116720086704,5
1004,1089,5,50,3.7879632160226184,5
1004,1089,5,30,1.236423278869884,5
1004,1089,5,25,1.236423278869884,5
1004,1089,6,40,1.2944651215345426,5
1004,1089,5,20,4.122515717380713,5
1004,1089,5,20,1.2944651215345426,5
1004,1089,5,20,1.2944651215345426,5
1004,1089,5,55,4.122515717380713,5
1004,1089,5,35,4.122515717380713,5
1004,1089,5,50,1.236423278869884,5
1004,1089,6,40,1.2944651215345426,5
1004,1089,6,15,3.7879632160226184,5
1004,1092,5,25,3.7608287698000624,5
1004,1092,5,40,5.819278241591143,5
1004,1099,5,25,1.236423278869884,5
1004,1099,5,40,1.4087921409993496,5
1004,1099,5,40,1.236423278869884,5
1004,1099,5,30,4.403740487592907,5
1004,1142,5,25,4.206283477539327,5
1004,1142,5,25,4.206283477539327,5
1004,1142,2,55,1.2944651215345426,5
1004,1142,5,25,4.206283477539327,5
1004,1142,5,35,1.2944651215345426,5
1004,1142,5,35,1.2027174554165994,5
1004,1142,5,40,4.206283477539327,5
1004,1142,5,35,4.091617043550802,5
1004,1142,5,35,5.0000157144242525,5
1004,1142,5,40,4.091617043550802,5
1004,1142,5,45,4.206283477539327,5
1004,1142,5,25,5.406825879395404,5
1004,1142,5,35,1.4087921409993496,5
1004,1142,5,20,1.4087921409993496,5
1004,1142,5,40,1.2944651215345426,5
1004,1142,5,20,1.4087921409993496,5
1004,1142,6,20,6.3332362662066135,5
1004,1142,6,20,6.3332362662066135,5
1004,1142,5,20,3.618116720086704,5
1004,1142,5,45,3.519484151867764,5
1004,1142,5,50,4.122515717380713,5
1004,1142,5,25,3.7608287698000624,5
1004,1142,5,30,4.092984759803895,5
1004,1142,5,25,3.7608287698000624,5
1004,1142,5,35,1.236423278869884,5
1004,1149,5,50,3.592198941066873,5
1004,1149,5,30,3.618116720086704,5
1004,1149,5,30,3.618116720086704,5
1004,1184,5,60,3.592198941066873,5
1004,1184,5,60,1.236423278869884,5
1004,1185,5,45,3.592198941066873,5
1004,1185,5,25,1.236423278869884,5
1004,1185,5,25,1.236423278869884,5
1004,1185,5,25,4.092984759803895,5
1004,1185,5,55,4.092984759803895,5
1004,1185,5,45,1.2027174554165994,5
1004,1185,5,55,3.494272910891071,5
1004,1185,5,35,1.236423278869884,5
1004,1185,5,35,1.2944651215345426,5
1004,1185,5,55,5.819278241591143,5
1004,1185,5,20,1.2944651215345426,5
1004,1185,5,15,5.0000157144242525,5
1004,1192,5,45,1.236423278869884,5
1004,1195,5,30,1.236423278869884,5
1004,1199,6,15,1.2944651215345426,5
1004,1199,5,55,5.558350676605923,5
1004,1199,5,50,1.2944651215345426,5
1004,1199,5,60,5.558350676605923,5
1004,1199,5,35,1.2944651215345426,5
1004,1199,5,60,5.819278241591143,5
1004,1199,5,55,5.558350676605923,5
1004,1199,5,45,1.236423278869884,5
1004,1199,5,45,3.7608287698000624,5
1004,1199,5,35,1.236423278869884,5
1004,1202,5,30,1.4087921409993496,5
1004,1202,5,50,3.592198941066873,5
1004,1202,5,50,3.7608287698000624,5
1004,1202,5,40,3.7608287698000624,5
1004,1202,5,45,1.4087921409993496,5
1004,1202,5,45,3.7608287698000624,5
1004,1202,5,50,4.092984759803895,5
1004,1202,5,55,3.7608287698000624,5
1004,1202,5,20,3.592198941066873,5
1004,1202,5,60,3.7608287698000624,5
1004,1202,5,55,1.236423278869884,5
1004,1202,5,30,3.7608287698000624,5
1004,1202,4,15,4.092984759803895,5
1004,1202,5,30,1.2944651215345426,5
1004,1202,5,30,1.2944651215345426,5
1004,1202,5,55,1.2944651215345426,5
1004,1202,5,25,1.236423278869884,5
1004,1202,5,25,1.4087921409993496,5
1004,1202,5,30,6.3332362662066135,5
1004,1202,5,35,1.236423278869884,5
1004,1202,5,35,5.558350676605923,5
1004,1202,5,35,1.4087921409993496,5
1004,1202,5,45,6.3332362662066135,5
1004,1202,5,55,6.3332362662066135,5
1004,1202,5,25,1.236423278869884,5
1004,1202,5,50,6.3332362662066135,5
1004,1202,5,25,1.236423278869884,5
1004,1202,5,55,5.558350676605923,5
1004,1202,5,45,1.236423278869884,5
1004,1202,5,45,5.558350676605923,5
1004,1202,5,20,5.819278241591143,5
1004,1202,5,30,3.7879632160226184,5
1004,1202,5,45,1.2944651215345426,5
1004,1202,5,30,3.7879632160226184,5
1004,1202,5,45,1.2944651215345426,5
1004,1202,5,20,3.519484151867764,5
1004,1202,5,35,4.122515717380713,5
1004,1202,5,25,3.7879632160226184,5
1004,1202,5,35,1.236423278869884,5
1004,1202,5,50,1.236423278869884,5
1004,1202,5,30,1.2944651215345426,5
1004,1202,5,25,1.2027174554165994,5
1004,1202,5,25,1.236423278869884,5
1004,1202,5,40,1.236423278869884,5
1004,1202,5,25,4.206283477539327,5
1004,1202,5,40,4.792678370945184,5
1004,1202,5,20,4.091617043550802,5
1004,1202,5,40,4.403740487592907,5
1004,1202,5,35,1.4087921409993496,5
1004,1202,5,30,1.236423278869884,5
1004,1202,5,20,1.236423278869884,5
1004,1202,5,60,1.2944651215345426,5
1004,1202,5,30,1.2027174554165994,5
1004,1202,5,50,4.206283477539327,5
1004,1213,5,25,4.792678370945184,5
1004,1213,5,25,4.792678370945184,5
1004,1213,5,20,1.4087921409993496,5
1004,1213,5,45,4.403740487592907,5
1004,1213,5,45,5.558350676605923,5
1004,1213,5,30,5.558350676605923,5
1004,1213,5,40,3.7608287698000624,5
1004,1213,5,50,1.236423278869884,5
1004,1213,5,60,4.092984759803895,5
1004,1213,5,60,3.618116720086704,5
1004,1213,5,50,3.519484151867764,5
1004,1224,5,20,3.519484151867764,5
1004,1224,5,30,3.519484151867764,5
1004,1224,5,40,1.236423278869884,5
1004,1224,5,55,1.2944651215345426,5
1004,1228,5,50,4.792678370945184,5
1004,1237,5,50,4.206283477539327,5
1004,1244,5,30,1.236423278869884,5
1004,1244,5,40,4.091617043550802,5
1004,1244,5,30,4.403740487592907,5
1004,1244,5,20,1.4087921409993496,5
1004,1244,5,20,4.403740487592907,5
1004,1244,5,20,4.403740487592907,5
1004,1244,5,25,4.091617043550802,5
1004,1244,5,25,1.2944651215345426,5
1004,1244,5,15,5.819278241591143,5
1004,1244,5,30,1.2944651215345426,5
1004,1244,6,45,5.406825879395404,5
1004,1244,5,35,1.236423278869884,5
1004,1244,5,35,5.558350676605923,5
1004,1244,5,25,1.2944651215345426,5
1004,1244,5,35,5.558350676605923,5
1004,1244,5,20,1.2944651215345426,5
1004,1244,5,35,1.2944651215345426,5
1004,1244,6,20,3.7879632160226184,5
1004,1244,5,25,3.618116720086704,5
1004,1244,5,35,4.122515717380713,5
1004,1244,5,25,3.7879632160226184,5
1004,1244,5,30,4.122515717380713,5
1004,1244,6,55,4.122515717380713,5
1004,1244,5,25,3.7879632160226184,5
1004,1244,5,45,3.592198941066873,5
1004,1244,5,40,1.236423278869884,5
1004,1244,5,35,3.7608287698000624,5
1004,1244,5,45,3.7608287698000624,5
1004,1244,5,60,3.494272910891071,5
1004,1244,5,60,1.236423278869884,5
1004,1244,5,25,1.236423278869884,5
1004,1248,5,35,5.558350676605923,5
1004,1249,5,50,1.2944651215345426,5
1004,1249,5,25,1.2944651215345426,5
1004,1249,6,45,1.2944651215345426,5
1004,1249,6,35,1.236423278869884,5
1004,1249,6,35,1.236423278869884,5
1004,1249,5,20,1.236423278869884,5
1004,1249,5,45,3.592198941066873,5
1004,1249,6,30,1.236423278869884,5
1004,1249,5,25,1.2027174554165994,5
1004,1249,5,55,1.2027174554165994,5
1004,1249,5,50,3.618116720086704,5
1004,1254,5,20,3.618116720086704,5
1004,1254,5,20,1.2944651215345426,5
1004,1254,5,40,5.819278241591143,5
1004,1255,5,55,5.558350676605923,5
1004,1262,5,25,1.2944651215345426,5
1004,1262,6,45,5.406825879395404,5
1004,1262,5,55,6.3332362662066135,5
1004,1262,6,40,3.519484151867764,5
1004,1262,6,55,4.122515717380713,5
1004,1262,5,30,3.519484151867764,5
1004,1262,5,55,3.7879632160226184,5
1004,1262,6,50,4.122515717380713,5
1004,1262,5,60,3.592198941066873,5
1004,1262,5,50,1.236423278869884,5
1004,1262,6,15,4.092984759803895,5
1004,1262,5,30,3.592198941066873,5
1004,1262,5,30,1.236423278869884,5
1004,1262,6,55,4.092984759803895,5
1004,1262,6,55,4.792678370945184,5
1004,1262,6,45,4.403740487592907,5
1004,1265,5,30,1.2027174554165994,5
1004,1265,5,30,1.236423278869884,5
1004,1269,5,25,5.819278241591143,5
1004,1269,6,40,4.403740487592907,5
1004,1275,5,25,3.7879632160226184,5
1004,1275,5,25,3.7879632160226184,5
1004,1275,5,45,1.236423278869884,5
1004,1275,5,45,1.236423278869884,5
1004,1283,5,40,3.7608287698000624,5
1004,1283,5,50,1.236423278869884,5
1004,1283,5,40,3.494272910891071,5
1004,1283,5,30,1.4087921409993496,5
1004,1283,5,25,1.236423278869884,5
1004,1283,5,30,4.403740487592907,5
1004,1283,5,45,1.236423278869884,5
1004,1283,5,45,4.206283477539327,5
1004,1283,5,45,1.236423278869884,5
1004,1283,5,45,1.2027174554165994,5
1004,1283,5,55,5.819278241591143,5
1004,1283,5,45,1.2027174554165994,5
1004,1283,5,35,3.618116720086704,5
1004,1283,5,40,3.618116720086704,5
1004,1283,5,35,3.618116720086704,5
1004,1283,5,15,5.0000157144242525,5
1004,1289,5,60,4.206283477539327,5
1004,1289,5,50,4.792678370945184,5
1004,1289,5,30,3.592198941066873,5
1004,1289,5,45,3.618116720086704,5
1004,1289,5,50,1.236423278869884,5
1004,1290,6,25,3.7608287698000624,5
1004,1290,6,30,3.7608287698000624,5
1004,1303,4,15,4.792678370945184,5
1004,1303,5,30,1.2944651215345426,5
1004,1303,5,30,3.7879632160226184,5
1004,1303,5,45,1.2944651215345426,5
1004,1303,5,55,3.7879632160226184,5
1004,1303,5,55,5.558350676605923,5
1004,1303,5,25,1.4087921409993496,5
1004,1304,5,25,1.236423278869884,5
1004,1304,5,25,1.236423278869884,5
1004,1304,5,25,1.236423278869884,5
1004,1304,5,40,1.2944651215345426,5
1004,1304,5,45,5.558350676605923,5
1004,1304,5,40,1.2944651215345426,5
1004,1304,5,50,1.2944651215345426,5
1004,1304,5,40,3.592198941066873,5
1004,1304,5,55,3.592198941066873,5
1004,1304,5,45,3.494272910891071,5
1004,1304,5,60,4.122515717380713,5
1004,1304,6,40,3.7879632160226184,5
1004,1304,5,35,1.4087921409993496,5
1004,1304,5,25,3.7879632160226184,5
1004,1304,5,60,3.618116720086704,5
1004,1304,5,25,3.7879632160226184,5
1004,1304,5,35,3.7879632160226184,5
1004,1304,5,20,3.7879632160226184,5
1004,1304,5,25,4.122515717380713,5
1004,1304,4,35,4.403740487592907,5
1004,1304,5,50,1.236423278869884,5
1004,1304,5,30,1.236423278869884,5
1004,1304,4,15,4.403740487592907,5
1004,1307,6,25,3.519484151867764,5
1004,1314,5,25,1.2944651215345426,5
1004,1318,4,15,5.0000157144242525,5
1004,1332,5,25,3.519484151867764,5
1004,1333,5,35,1.2944651215345426,5
1004,1338,5,20,4.122515717380713,5
1004,1344,5,90,4.122515717380713,5
1004,1344,5,35,1.4087921409993496,5
1004,1344,5,40,3.618116720086704,5
1004,1344,5,35,1.236423278869884,5
1004,1345,5,35,1.4087921409993496,4
1004,1345,5,55,5.819278241591143,4
1004,1345,5,60,4.092984759803895,4
1004,1345,5,60,4.092984759803895,4
1004,1363,5,45,4.206283477539327,5
1004,1363,5,25,1.236423278869884,5
1004,1363,5,65,1.236423278869884,5
1004,1363,5,25,1.236423278869884,5
1004,1363,5,35,5.819278241591143,5
1004,1363,5,25,1.236423278869884,5
1004,1363,2,45,5.558350676605923,5
1004,1366,5,55,3.618116720086704,5
1004,1366,5,40,1.4087921409993496,5
1004,1366,5,45,3.519484151867764,5
1004,1366,5,45,1.236423278869884,5
1004,1366,5,20,4.122515717380713,5
1004,1366,5,45,1.236423278869884,5
1004,1374,5,35,4.206283477539327,5
1004,1374,5,65,1.2944651215345426,5
1004,1374,5,60,1.2944651215345426,5
1004,1374,5,25,3.7608287698000624,5
1004,1376,6,30,3.592198941066873,5
1004,1376,5,50,3.592198941066873,5
1004,1376,6,30,5.819278241591143,5
1004,1376,5,60,4.206283477539327,5
1004,1376,5,55,4.206283477539327,5
1004,1376,5,50,4.206283477539327,5
1004,1376,5,20,4.206283477539327,5
1004,1379,6,35,4.403740487592907,5
1004,1384,5,55,4.206283477539327,5
1004,1384,5,20,1.2944651215345426,5
1004,1384,5,20,1.2944651215345426,5
1004,1384,3,35,1.2944651215345426,5
1004,1384,5,35,5.819278241591143,5
1004,1384,5,60,1.236423278869884,5
1004,1384,5,60,1.236423278869884,5
1004,1384,5,50,1.2944651215345426,5
1004,1384,5,45,1.4087921409993496,5
1004,1384,5,60,3.618116720086704,5
1004,1384,5,55,3.618116720086704,5
1004,1386,5,45,3.519484151867764,5
1004,1386,5,20,1.236423278869884,5
1004,1386,5,20,1.236423278869884,5
1004,1386,5,35,1.2944651215345426,5
1004,1386,5,30,1.236423278869884,5
1004,1386,5,20,1.4087921409993496,5
1004,1390,5,30,1.2944651215345426,5
1004,1390,6,30,4.091617043550802,5
1004,1390,5,25,4.091617043550802,5
1004,1390,5,25,4.091617043550802,5
1004,1390,5,25,4.091617043550802,5
1004,1390,5,20,4.091617043550802,5
1004,1390,6,25,4.091617043550802,5
1004,1390,5,25,4.091617043550802,5
1004,1390,6,25,4.091617043550802,5
1004,1390,5,20,4.091617043550802,5
1004,1390,5,30,4.091617043550802,5
1004,1390,6,25,4.091617043550802,5
1004,1390,5,25,4.091617043550802,5
1004,1390,5,45,4.091617043550802,5
1004,1390,5,40,1.2027174554165994,5
1004,1390,5,25,1.2027174554165994,5
1004,1390,5,40,1.2027174554165994,5
1004,1390,5,35,1.2027174554165994,5
1004,1390,5,55,4.792678370945184,5
1004,1390,5,20,4.792678370945184,5
1004,1390,5,40,4.792678370945184,5
1004,1390,5,55,4.792678370945184,5
1004,1390,5,25,4.792678370945184,5
1004,1390,5,50,4.792678370945184,5
1004,1390,5,30,1.4087921409993496,5
1004,1390,5,30,1.4087921409993496,5
1004,1390,5,30,1.4087921409993496,5
1004,1390,5,45,1.4087921409993496,5
1004,1390,6,50,4.792678370945184,5
1004,1390,5,40,1.4087921409993496,5
1004,1390,5,30,1.4087921409993496,5
1004,1390,5,50,1.4087921409993496,5
1004,1390,5,30,1.4087921409993496,5
1004,1390,5,30,1.4087921409993496,5
1004,1390,5,20,1.4087921409993496,5
1004,1390,5,15,1.2944651215345426,5
1004,1390,5,35,1.2944651215345426,5
1004,1390,5,25,4.403740487592907,5
1004,1390,5,50,4.403740487592907,5
1004,1390,5,25,4.403740487592907,5
1004,1390,5,40,4.403740487592907,5
1004,1390,5,30,4.403740487592907,5
1004,1390,5,40,4.403740487592907,5
1004,1390,5,25,4.403740487592907,5
1004,1390,5,25,4.403740487592907,5
1004,1390,5,50,4.403740487592907,5
1004,1390,5,40,4.403740487592907,5
1004,1390,5,20,1.2944651215345426,5
1004,1390,5,20,1.2944651215345426,5
1004,1390,5,45,1.236423278869884,5
1004,1390,5,30,1.236423278869884,5
1004,1390,6,35,1.236423278869884,5
1004,1390,6,35,1.236423278869884,5
1004,1390,6,30,1.236423278869884,5
1004,1390,5,25,1.236423278869884,5
1004,1390,5,25,1.236423278869884,5
1004,1390,5,35,1.236423278869884,5
1004,1390,5,35,1.236423278869884,5
1004,1390,6,55,4.206283477539327,5
1004,1390,5,50,4.206283477539327,5
1004,1390,5,50,4.206283477539327,5
1004,1390,5,30,1.236423278869884,5
1004,1390,5,25,1.236423278869884,5
1004,1390,5,35,1.236423278869884,5
1004,1390,5,30,4.206283477539327,5
1004,1390,6,35,4.206283477539327,5
1004,1390,5,35,4.206283477539327,5
1004,1390,5,50,4.206283477539327,5
1004,1390,5,55,4.206283477539327,5
1004,1390,5,25,4.206283477539327,5
1004,1390,5,20,4.206283477539327,5
1004,1390,5,25,4.206283477539327,5
1004,1390,5,50,4.206283477539327,5
1004,1390,5,40,4.206283477539327,5
1004,1390,5,50,4.206283477539327,5
1004,1390,5,50,4.206283477539327,5
1004,1390,6,30,4.206283477539327,5
1004,1390,5,25,1.236423278869884,5
1004,1390,5,30,1.236423278869884,5
1004,1390,5,30,1.236423278869884,5
1004,1390,5,55,4.206283477539327,5
1004,1390,5,55,4.206283477539327,5
1004,1390,5,30,1.236423278869884,5
1004,1390,6,55,1.236423278869884,5
1004,1390,5,40,1.236423278869884,5
1004,1390,5,40,1.236423278869884,5
1004,1390,5,40,1.236423278869884,5
1004,1390,5,50,1.236423278869884,5
1004,1390,5,30,1.236423278869884,5
1004,1390,5,30,1.236423278869884,5
1004,1390,5,25,4.091617043550802,5
1004,1390,5,25,4.091617043550802,5
1004,1390,5,30,4.091617043550802,5
1004,1390,5,30,1.2027174554165994,5
1004,1390,6,25,4.091617043550802,5
1004,1390,5,25,4.091617043550802,5
1004,1390,5,20,4.091617043550802,5
1004,1390,5,20,4.091617043550802,5
1004,1390,5,45,6.3332362662066135,5
1004,1390,5,20,5.406825879395404,5
1004,1390,5,30,1.2944651215345426,5
1004,1390,5,50,1.2944651215345426,5
1004,1390,5,40,5.819278241591143,5
1004,1390,5,55,1.2944651215345426,5
1004,1390,5,50,5.819278241591143,5
1004,1390,5,55,1.2027174554165994,5
1004,1390,5,55,1.2027174554165994,5
1004,1390,5,60,1.2944651215345426,5
1004,1390,5,20,1.2944651215345426,5
1004,1390,5,25,6.3332362662066135,5
1004,1390,5,25,1.2944651215345426,5
1004,1390,4,20,1.2944651215345426,5
1004,1390,5,55,1.2944651215345426,5
1004,1390,5,55,6.3332362662066135,5
1004,1390,5,25,1.236423278869884,5
1004,1390,5,50,5.819278241591143,5
1004,1390,5,50,5.819278241591143,5
1004,1390,5,35,1.2944651215345426,5
1004,1390,5,50,1.2944651215345426,5
1004,1390,5,20,1.2944651215345426,5
1004,1390,5,45,1.2944651215345426,5
1004,1390,5,40,1.2944651215345426,5
1004,1390,5,50,1.2944651215345426,5
1004,1390,5,35,1.2944651215345426,5
1004,1390,5,50,1.2944651215345426,5
1004,1390,5,45,1.2944651215345426,5
1004,1390,5,30,1.2944651215345426,5
1004,1390,5,30,1.4087921409993496,5
1004,1390,5,35,1.236423278869884,5
1004,1390,5,30,1.236423278869884,5
1004,1390,5,55,1.4087921409993496,5
1004,1390,5,25,1.236423278869884,5
1004,1390,5,25,1.236423278869884,5
1004,1390,5,25,1.236423278869884,5
1004,1390,5,45,6.3332362662066135,5
1004,1390,5,25,1.236423278869884,5
1004,1390,5,55,1.2944651215345426,5
1004,1390,5,45,1.4087921409993496,5
1004,1390,5,40,1.2944651215345426,5
1004,1390,5,25,1.2944651215345426,5
1004,1390,5,50,5.558350676605923,5
1004,1390,5,30,1.236423278869884,5
1004,1390,5,40,1.2944651215345426,5
1004,1390,5,20,1.4087921409993496,5
1004,1390,5,55,5.558350676605923,5
1004,1390,5,50,1.4087921409993496,5
1004,1390,5,25,1.2944651215345426,5
1004,1390,5,50,5.558350676605923,5
1004,1390,5,55,5.558350676605923,5
1004,1390,5,50,5.558350676605923,5
1004,1390,5,40,1.2944651215345426,5
1004,1390,5,20,5.819278241591143,5
1004,1390,5,25,5.819278241591143,5
1004,1390,5,20,1.236423278869884,5
1004,1390,5,20,1.236423278869884,5
1004,1390,5,20,5.819278241591143,5
1004,1390,5,25,5.819278241591143,5
1004,1390,5,25,1.2944651215345426,5
1004,1390,5,25,1.2944651215345426,5
1004,1390,5,45,1.2944651215345426,5
1004,1390,5,50,5.558350676605923,5
1004,1390,5,50,5.819278241591143,5
1004,1390,5,20,5.819278241591143,5
1004,1390,5,45,6.3332362662066135,5
1004,1390,5,50,5.819278241591143,5
1004,1390,5,40,6.3332362662066135,5
1004,1390,5,45,6.3332362662066135,5
1004,1390,5,15,5.558350676605923,5
1004,1390,5,40,6.3332362662066135,5
1004,1390,5,30,5.819278241591143,5
1004,1390,5,50,1.2944651215345426,5
1004,1390,5,55,5.819278241591143,5
1004,1390,5,60,1.2944651215345426,5
1004,1390,5,60,5.819278241591143,5
1004,1390,5,55,5.558350676605923,5
1004,1390,4,45,1.2944651215345426,5
1004,1390,5,30,1.4087921409993496,5
1004,1390,5,40,3.618116720086704,5
1004,1390,5,40,3.618116720086704,5
1004,1390,5,25,3.618116720086704,5
1004,1390,6,30,1.236423278869884,5
1004,1390,5,40,1.236423278869884,5
1004,1390,5,30,3.7879632160226184,5
1004,1390,5,55,1.236423278869884,5
1004,1390,5,30,3.7879632160226184,5
1004,1390,5,45,3.618116720086704,5
1004,1390,5,20,3.7879632160226184,5
1004,1390,5,30,1.236423278869884,5
1004,1390,5,20,3.618116720086704,5
1004,1390,5,20,3.618116720086704,5
1004,1390,5,40,3.7879632160226184,5
1004,1390,5,30,3.7879632160226184,5
1004,1390,5,30,3.519484151867764,5
1004,1390,5,25,1.2027174554165994,5
1004,1390,5,45,1.236423278869884,5
1004,1390,5,20,1.2027174554165994,5
1004,1390,5,20,3.519484151867764,5
1004,1390,5,20,1.2027174554165994,5
1004,1390,5,30,3.519484151867764,5
1004,1390,5,35,3.618116720086704,5
1004,1390,5,25,3.618116720086704,5
1004,1390,5,35,1.236423278869884,5
1004,1390,5,50,4.122515717380713,5
1004,1390,5,25,4.122515717380713,5
1004,1390,5,30,4.122515717380713,5
1004,1390,5,25,3.7879632160226184,5
1004,1390,5,25,3.618116720086704,5
1004,1390,4,25,4.122515717380713,5
1004,1390,5,50,4.122515717380713,5
1004,1390,6,30,1.236423278869884,5
1004,1390,5,45,1.236423278869884,5
1004,1390,5,30,4.122515717380713,5
1004,1390,5,35,4.122515717380713,5
1004,1390,5,45,3.618116720086704,5
1004,1390,5,60,3.618116720086704,5
1004,1390,5,55,4.122515717380713,5
1004,1390,5,45,4.122515717380713,5
1004,1390,5,15,3.618116720086704,5
1004,1390,5,40,3.618116720086704,5
1004,1390,5,35,3.618116720086704,5
1004,1390,5,35,3.618116720086704,5
1004,1390,5,45,1.236423278869884,5
1004,1390,5,25,3.618116720086704,5
1004,1390,5,25,1.4087921409993496,5
1004,1390,5,30,1.4087921409993496,5
1004,1390,5,25,1.4087921409993496,5
1004,1390,5,45,3.7879632160226184,5
1004,1390,5,40,3.618116720086704,5
1004,1390,5,20,3.494272910891071,5
1004,1390,5,55,3.592198941066873,5
1004,1390,5,50,1.236423278869884,5
1004,1390,5,25,4.092984759803895,5
1004,1390,5,25,4.092984759803895,5
1004,1390,5,25,4.092984759803895,5
1004,1390,5,25,4.092984759803895,5
1004,1390,5,20,3.494272910891071,5
1004,1390,5,35,1.236423278869884,5
1004,1390,6,25,3.7608287698000624,5
1004,1390,5,35,3.592198941066873,5
1004,1390,5,35,1.236423278869884,5
1004,1390,5,45,3.7608287698000624,5
1004,1390,5,40,3.7608287698000624,5
1004,1390,5,30,3.592198941066873,5
1004,1390,5,30,3.592198941066873,5
1004,1390,5,55,3.7608287698000624,5
1004,1390,5,55,3.7608287698000624,5
1004,1390,5,30,3.7608287698000624,5
1004,1390,6,30,3.592198941066873,5
1004,1390,6,35,1.236423278869884,5
1004,1390,5,25,1.4087921409993496,5
1004,1390,5,25,1.4087921409993496,5
1004,1390,5,25,1.236423278869884,5
1004,1390,5,35,1.236423278869884,5
1004,1390,5,55,3.592198941066873,5
1004,1390,5,40,3.592198941066873,5
1004,1390,6,30,1.236423278869884,5
1004,1390,5,35,1.236423278869884,5
1004,1390,5,30,1.236423278869884,5
1004,1390,5,35,4.092984759803895,5
1004,1390,6,30,1.236423278869884,5
1004,1390,5,25,1.236423278869884,5
1004,1390,5,50,4.092984759803895,5
1004,1390,5,30,1.236423278869884,5
1004,1390,5,30,3.494272910891071,5
1004,1390,5,30,3.494272910891071,5
1004,1390,5,45,4.092984759803895,5
1004,1390,6,40,3.7608287698000624,5
1004,1390,5,35,3.7608287698000624,5
1004,1390,5,45,1.236423278869884,5
1004,1390,6,50,3.592198941066873,5
1004,1390,5,30,1.236423278869884,5
1004,1390,5,35,3.7608287698000624,5
1004,1390,5,30,3.592198941066873,5
1004,1390,5,50,3.7608287698000624,5
1004,1390,5,30,4.092984759803895,5
1004,1390,5,45,1.2944651215345426,5
1004,1390,6,30,1.2944651215345426,5
1004,1390,5,30,1.236423278869884,5
1004,1390,6,20,1.2944651215345426,5
1004,1390,5,25,1.236423278869884,5
1004,1390,5,55,4.092984759803895,5
1004,1390,5,35,4.092984759803895,5
1004,1390,6,55,3.592198941066873,5
1004,1390,5,30,3.7608287698000624,5
1004,1390,5,25,4.092984759803895,5
1004,1390,5,40,4.092984759803895,5
1004,1390,5,30,3.7608287698000624,5
1004,1390,5,25,3.592198941066873,5
1004,1390,5,25,1.236423278869884,5
1004,1390,5,20,1.236423278869884,5
1004,1390,5,40,3.592198941066873,5
1004,1390,5,45,3.592198941066873,5
1004,1390,5,50,1.236423278869884,5
1004,1390,5,20,4.092984759803895,5
1004,1390,5,60,3.7608287698000624,5
1004,1390,5,35,3.592198941066873,5
1004,1390,5,40,3.7608287698000624,5
1004,1390,5,25,4.092984759803895,5
1004,1390,5,50,3.592198941066873,5
1004,1390,5,40,4.092984759803895,5
1004,1390,5,35,3.592198941066873,5
1004,1390,5,20,1.2027174554165994,5
1004,1396,5,15,1.2944651215345426,5
1004,1396,5,25,1.4087921409993496,5
1004,1396,5,40,1.2944651215345426,5
1004,1396,5,50,4.206283477539327,5
1004,1396,5,20,3.7879632160226184,5
1004,1396,5,45,1.2944651215345426,5
1004,1396,5,45,3.618116720086704,5
1004,1411,5,45,4.092984759803895,5
1004,1416,5,50,4.092984759803895,5
1004,1416,5,50,4.092984759803895,5
1004,1416,5,30,3.592198941066873,5
1004,1416,5,30,4.206283477539327,5
1004,1416,5,30,4.206283477539327,5
1004,1421,5,20,4.403740487592907,5
1004,1421,5,50,4.403740487592907,5
1004,1421,5,25,4.206283477539327,5
1004,1421,5,45,4.206283477539327,5
1004,1421,5,25,3.618116720086704,5
1004,1421,5,25,3.618116720086704,5
1004,1421,5,35,3.618116720086704,5
1004,1421,5,40,5.819278241591143,5
1004,1421,5,50,1.4087921409993496,5
1004,1421,5,30,1.2944651215345426,5
1004,1421,5,40,3.7608287698000624,5
1004,1421,5,60,3.592198941066873,5
1004,1421,5,60,3.592198941066873,5
1004,1422,5,45,1.4087921409993496,5
1004,1424,5,25,3.7608287698000624,5
1004,1424,5,30,1.2027174554165994,5
1004,1424,5,20,1.2944651215345426,5
1004,1424,5,25,5.819278241591143,5
1004,1427,5,50,5.0000157144242525,5
1004,1430,4,15,3.592198941066873,5
1004,1430,5,25,1.236423278869884,5
1004,1431,5,35,5.558350676605923,5
1004,1431,5,60,5.558350676605923,5
1004,1431,5,35,1.236423278869884,5
1004,1431,5,35,1.236423278869884,5
1004,1431,5,50,1.236423278869884,5
1004,1431,5,50,4.206283477539327,5
1004,1431,5,25,1.2027174554165994,5
1004,1431,5,25,1.2027174554165994,5
1004,1431,5,20,1.236423278869884,5
1004,1443,5,40,1.236423278869884,5
1004,1449,5,50,1.236423278869884,5
1004,1450,5,45,1.2944651215345426,5
1004,1450,5,40,1.236423278869884,5
1004,1450,5,50,1.236423278869884,5
1004,1450,5,55,3.519484151867764,5
1004,1450,5,55,3.519484151867764,5
1004,1451,6,25,4.122515717380713,5
1004,1451,5,50,3.7879632160226184,5
1004,1451,5,55,1.236423278869884,5
1004,1451,5,55,5.558350676605923,5
1004,1451,5,45,1.236423278869884,5
1004,1451,5,35,4.206283477539327,5
1004,1451,5,55,4.206283477539327,5
1004,1451,5,45,1.4087921409993496,5
1004,1451,6,20,4.092984759803895,5
1004,1451,5,25,1.236423278869884,5
1004,1451,2,40,4.092984759803895,5
1004,1451,6,20,3.592198941066873,5
1004,6152,5,25,5.819278241591143,5
1004,7308,5,20,1.2944651215345426,5
1004,10387,5,30,4.206283477539327,5
1004,13213,5,35,1.236423278869884,5
1004,18194,5,40,4.092984759803895,5
1004,19031,5,35,3.494272910891071,5
1004,19031,5,55,3.494272910891071,5
1004,21196,5,30,5.0000157144242525,5
1004,25056,5,35,5.0000157144242525,5
1004,26235,5,25,3.592198941066873,5
1004,37011,5,45,3.618116720086704,5
1004,37253,5,55,3.7879632160226184,5
1004,37253,5,20,3.7879632160226184,5
1004,38026,5,40,3.519484151867764,5
1004,38026,5,55,3.618116720086704,5
1004,38026,5,55,1.236423278869884,5
1004,38026,5,50,3.618116720086704,5
1004,38026,5,30,1.236423278869884,5
1004,38026,5,30,1.2944651215345426,5
1004,38026,5,30,3.618116720086704,5
1004,38026,3,30,1.236423278869884,5
1004,38026,5,35,4.206283477539327,5
1004,38026,5,40,1.2944651215345426,5
1004,38026,5,40,5.558350676605923,5
1004,38026,5,50,6.3332362662066135,5
1004,38026,5,50,6.3332362662066135,5
1004,38053,5,25,5.558350676605923,5
1004,38053,5,30,3.519484151867764,5
1004,38053,5,45,4.206283477539327,5
1004,38054,5,25,1.4087921409993496,5
1004,38054,5,25,1.4087921409993496,5
1004,38054,5,60,3.592198941066873,5
1004,38054,5,50,3.592198941066873,5
1004,38085,5,30,1.236423278869884,5
1004,38085,5,20,4.206283477539327,5
1004,38085,5,45,4.091617043550802,5
1004,38087,5,35,5.558350676605923,5
1004,38097,5,55,4.206283477539327,5
1004,38139,5,50,3.592198941066873,5
1004,38190,5,20,1.4087921409993496,5
1004,38193,5,25,4.206283477539327,5
1004,38247,5,20,4.403740487592907,5
1004,38247,5,35,4.092984759803895,5
1004,38297,5,30,1.2944651215345426,5
1004,38297,5,35,1.2944651215345426,5
1004,38320,5,55,3.592198941066873,5
1004,38320,5,30,1.4087921409993496,5
1004,38320,5,45,1.4087921409993496,5
1004,38320,5,30,1.4087921409993496,5
1004,38374,5,40,3.592198941066873,5
1004,38449,5,40,1.236423278869884,5
1004,38449,5,40,5.558350676605923,5
1004,38449,5,50,5.558350676605923,5
1004,38449,5,45,1.2944651215345426,5
1004,38554,5,30,3.7879632160226184,5
1004,38557,5,30,4.091617043550802,5
1004,38557,5,25,4.091617043550802,5
1004,38557,5,30,4.091617043550802,5
1004,42218,5,45,4.092984759803895,5
1004,60198,5,45,4.122515717380713,5
1004,63113,1,25,1.236423278869884,5
1004,67130,1,50,1.2944651215345426,5
1004,67130,5,45,1.2944651215345426,5
1004,67130,5,45,1.2944651215345426,5
1004,68066,5,20,3.592198941066873,5
1004,68182,5,55,1.2944651215345426,5
1004,69007,5,55,1.236423278869884,5
1004,69007,5,30,1.236423278869884,5
1004,69007,5,55,1.236423278869884,5
1004,69009,5,30,3.592198941066873,5
1004,69027,5,30,1.236423278869884,5
1004,69029,5,35,1.2944651215345426,5
1004,69029,6,50,6.3332362662066135,5
1004,69029,5,55,4.091617043550802,5
1004,69029,5,30,1.236423278869884,5
1004,69029,6,25,4.403740487592907,5
1004,69029,5,55,4.091617043550802,5
1004,69029,5,45,4.091617043550802,5
1004,69029,5,30,3.494272910891071,5
1004,69033,5,20,1.4087921409993496,5
1004,69034,6,25,3.494272910891071,5
1004,69034,5,35,6.3332362662066135,5
1004,69034,5,15,3.519484151867764,5
1004,69034,6,25,4.091617043550802,5
1004,69072,5,20,1.236423278869884,5
1004,69091,6,15,5.0000157144242525,5
1004,69115,6,20,1.236423278869884,5
1004,69116,5,50,3.519484151867764,5
1004,69116,5,40,3.618116720086704,5
1004,69121,5,35,1.2027174554165994,5
1004,69127,5,20,3.592198941066873,5
1004,69143,5,45,1.236423278869884,5
1004,69149,6,55,4.403740487592907,5
1004,69149,6,35,3.7608287698000624,5
1004,69149,5,45,6.3332362662066135,5
1004,69153,5,35,1.2027174554165994,5
1004,69153,5,35,5.406825879395404,5
1004,69153,5,55,3.592198941066873,5
1004,69153,5,55,3.592198941066873,5
1004,69153,5,55,3.592198941066873,5
1004,69153,5,45,4.091617043550802,5
1004,69191,5,55,3.494272910891071,5
1004,69194,5,25,1.236423278869884,5
1004,69202,6,50,4.092984759803895,5
1004,69204,5,45,3.494272910891071,5
1004,69204,5,15,1.236423278869884,5
1004,69204,5,30,4.122515717380713,5
1004,69244,5,20,5.0000157144242525,5
1004,69256,6,30,4.403740487592907,5
1004,69256,5,45,1.236423278869884,5
1004,69256,5,35,1.236423278869884,5
1004,69256,5,35,1.236423278869884,5
1004,69256,5,30,1.2944651215345426,5
1004,69256,5,30,1.2944651215345426,5
1004,69256,5,40,3.7879632160226184,5
1004,69256,6,20,1.4087921409993496,5
1004,69259,6,25,3.7608287698000624,5
1004,69259,5,40,3.7608287698000624,5
1004,69259,5,20,4.403740487592907,5
1004,69259,5,40,1.236423278869884,5
1004,69264,5,20,3.494272910891071,5
1004,69264,5,50,5.558350676605923,5
1004,69266,6,30,1.236423278869884,5
1004,69266,4,40,6.3332362662066135,5
1004,69266,5,45,5.819278241591143,5
1004,69266,6,35,5.406825879395404,5
1004,69266,6,45,1.236423278869884,5
1004,69266,6,50,5.558350676605923,5
1004,69266,5,50,1.236423278869884,5
1004,69266,5,35,6.3332362662066135,5
1004,69266,6,30,6.3332362662066135,5
1004,69266,5,60,6.3332362662066135,5
1004,69266,6,35,5.406825879395404,5
1004,69266,6,40,5.558350676605923,5
1004,69266,6,50,5.558350676605923,5
1004,69266,6,40,6.3332362662066135,5
1004,69266,6,40,5.558350676605923,5
1004,69266,5,45,1.236423278869884,5
1004,69266,5,20,4.403740487592907,5
1004,69266,6,50,4.403740487592907,5
1004,69266,6,40,4.206283477539327,5
1004,69266,5,45,1.236423278869884,5
1004,69266,6,35,4.792678370945184,5
1004,69266,5,45,1.236423278869884,5
1004,69266,6,40,4.092984759803895,5
1004,69266,2,20,4.092984759803895,5
1004,69266,6,55,3.7608287698000624,5
1004,69266,6,45,4.092984759803895,5
1004,69266,6,15,1.236423278869884,5
1004,69266,6,50,4.122515717380713,5
1004,69266,6,30,1.4087921409993496,5
1004,69266,6,40,3.519484151867764,5
1004,69266,6,50,3.7879632160226184,5
1004,69266,6,60,3.618116720086704,5
1004,69266,6,45,3.618116720086704,5
1004,69266,5,20,3.618116720086704,5
1004,69270,5,30,4.403740487592907,5
1004,69271,5,20,3.7879632160226184,5
1004,69271,5,40,3.618116720086704,5
1004,69273,5,45,1.236423278869884,5
1004,69273,5,50,1.236423278869884,5
1004,69273,5,45,1.236423278869884,5
1004,69273,5,40,3.494272910891071,5
1004,69275,5,25,1.236423278869884,5
1004,69277,5,35,3.592198941066873,5
1004,69279,5,40,4.122515717380713,5
1004,69279,5,45,4.122515717380713,5
1004,69281,5,20,4.206283477539327,5
1004,69282,5,55,1.236423278869884,5
1004,69285,5,20,3.7608287698000624,5
1004,69286,5,45,1.236423278869884,5
1004,69286,5,30,1.236423278869884,5
1004,69286,5,55,5.819278241591143,5
1004,69287,5,50,3.592198941066873,5
1004,69287,5,55,4.403740487592907,5
1004,69289,5,50,1.236423278869884,5
1004,69290,5,50,5.819278241591143,5
1004,69290,5,55,5.819278241591143,5
1004,69290,6,20,1.4087921409993496,5
1004,69290,5,20,1.2944651215345426,5
1004,69290,5,30,1.2944651215345426,5
1004,69290,5,30,1.2944651215345426,5
1004,69290,5,50,5.558350676605923,5
1004,69290,5,25,1.2944651215345426,5
1004,69290,6,35,1.2944651215345426,5
1004,69290,5,50,5.819278241591143,5
1004,69290,5,50,4.206283477539327,5
1004,69290,5,45,4.792678370945184,5
1004,69290,5,40,1.236423278869884,5
1004,69290,5,40,4.206283477539327,5
1004,69290,5,20,3.7608287698000624,5
1004,69290,5,50,3.592198941066873,5
1004,69290,5,50,1.236423278869884,5
1004,69290,5,30,1.236423278869884,5
1004,69290,5,50,1.236423278869884,5
1004,69290,5,50,1.236423278869884,5
1004,69292,6,30,5.406825879395404,5
1004,69299,5,40,1.2944651215345426,5
1004,69299,5,40,5.406825879395404,5
1004,69299,5,55,3.592198941066873,5
1004,69299,5,25,3.494272910891071,5
1004,69299,5,50,1.2027174554165994,5
1004,69299,6,40,1.236423278869884,5
1004,69381,5,45,1.236423278869884,5
1004,69381,5,45,3.618116720086704,5
1004,69381,5,25,3.618116720086704,5
1004,69381,5,50,3.618116720086704,5
1004,69381,6,15,3.7879632160226184,5
1004,69381,6,60,3.618116720086704,5
1004,69381,6,45,1.236423278869884,5
1004,69381,5,55,3.7608287698000624,5
1004,69381,5,40,3.592198941066873,5
1004,69381,5,30,6.3332362662066135,5
1004,69382,5,20,5.406825879395404,5
1004,69382,5,25,1.236423278869884,5
1004,69382,6,50,4.792678370945184,5
1004,69382,5,40,4.206283477539327,5
1004,69382,6,25,1.4087921409993496,5
1004,69382,6,55,4.206283477539327,5
1004,69382,6,35,1.2027174554165994,5
1004,69382,6,25,1.4087921409993496,5
1004,69382,6,45,1.236423278869884,5
1004,69382,6,25,1.236423278869884,5
1004,69382,6,50,3.592198941066873,5
1004,69382,6,55,3.592198941066873,5
1004,69382,6,50,3.618116720086704,5
1004,69382,6,25,3.618116720086704,5
1004,69382,6,60,4.122515717380713,5
1004,69382,6,50,3.519484151867764,5
1004,69383,6,40,4.122515717380713,5
1004,69383,6,45,4.122515717380713,5
1004,69383,6,20,4.122515717380713,5
1004,69383,6,60,4.122515717380713,5
1004,69383,6,40,4.122515717380713,5
1004,69383,5,35,3.7879632160226184,5
1004,69383,6,20,3.7879632160226184,5
1004,69383,6,55,3.7879632160226184,5
1004,69383,6,30,1.2944651215345426,5
1004,69383,6,30,3.7879632160226184,5
1004,69383,5,25,3.7879632160226184,5
1004,69383,5,45,3.7879632160226184,5
1004,69383,6,35,3.618116720086704,5
1004,69383,6,45,3.618116720086704,5
1004,69383,5,30,1.236423278869884,5
1004,69383,6,60,3.618116720086704,5
1004,69383,6,60,1.236423278869884,5
1004,69383,5,35,5.558350676605923,5
1004,69383,6,55,1.236423278869884,5
1004,69383,6,45,1.236423278869884,5
1004,69383,6,35,5.819278241591143,5
1004,69383,6,40,1.2944651215345426,5
1004,69383,5,20,1.2944651215345426,5
1004,69383,6,20,5.819278241591143,5
1004,69383,5,20,1.236423278869884,5
1004,69383,6,35,1.236423278869884,5
1004,69383,5,35,5.558350676605923,5
1004,69383,5,35,5.819278241591143,5
1004,69383,6,25,1.4087921409993496,5
1004,69383,6,35,5.558350676605923,5
1004,69383,5,25,1.2944651215345426,5
1004,69383,6,50,5.819278241591143,5
1004,69383,6,55,5.819278241591143,5
1004,69383,6,30,1.236423278869884,5
1004,69383,6,25,1.2944651215345426,5
1004,69383,6,25,1.2944651215345426,5
1004,69383,6,30,1.236423278869884,5
1004,69383,6,30,1.2944651215345426,5
1004,69383,5,35,5.819278241591143,5
1004,69383,6,20,5.558350676605923,5
1004,69383,6,45,5.558350676605923,5
1004,69383,6,50,3.7608287698000624,5
1004,69383,5,25,4.092984759803895,5
1004,69383,5,45,3.592198941066873,5
1004,69383,6,20,3.7608287698000624,5
1004,69383,6,50,3.7608287698000624,5
1004,69383,6,30,3.7608287698000624,5
1004,69383,5,25,1.4087921409993496,5
1004,69383,6,55,3.7608287698000624,5
1004,69383,6,20,1.2944651215345426,5
1004,69383,6,55,3.7608287698000624,5
1004,69383,6,40,1.4087921409993496,5
1004,69383,6,25,3.7608287698000624,5
1004,69383,6,40,1.236423278869884,5
1004,69383,5,45,1.236423278869884,5
1004,69383,6,55,1.4087921409993496,5
1004,69383,5,40,1.236423278869884,5
1004,69383,6,45,1.236423278869884,5
1004,69383,6,45,1.236423278869884,5
1004,69383,6,40,1.236423278869884,5
1004,69383,5,60,4.792678370945184,5
1004,69383,6,45,1.236423278869884,5
1004,69383,6,40,1.236423278869884,5
1004,69383,6,55,4.792678370945184,5
1004,69383,6,40,1.236423278869884,5
1004,69383,6,45,4.403740487592907,5
1004,69383,6,50,4.403740487592907,5
1004,69383,6,20,4.091617043550802,5
1004,69383,6,45,1.236423278869884,5
1004,69383,6,50,4.206283477539327,5
1004,69383,6,25,1.236423278869884,5
1004,69384,6,40,4.403740487592907,5
1004,69384,6,35,4.091617043550802,5
1004,69384,5,35,1.236423278869884,5
1004,69384,6,40,3.7879632160226184,5
1004,69384,6,20,1.4087921409993496,5
1004,69385,5,45,1.4087921409993496,5
1004,69385,6,45,1.2944651215345426,5
1004,69385,6,20,4.792678370945184,5
1004,69385,6,30,4.206283477539327,5
1004,69385,5,35,1.2027174554165994,5
1004,69386,6,35,4.206283477539327,5
1004,69386,6,35,1.236423278869884,5
1004,69386,4,50,1.236423278869884,5
1004,69386,5,55,4.206283477539327,5
1004,69386,6,45,1.4087921409993496,5
1004,69386,6,45,1.236423278869884,5
1004,69386,6,30,4.206283477539327,5
1004,69386,6,45,1.4087921409993496,5
1004,69386,5,45,1.2944651215345426,5
1004,69386,6,40,1.236423278869884,5
1004,69386,6,55,3.7879632160226184,5
1004,69386,6,30,3.7879632160226184,5
1004,69386,6,35,1.236423278869884,5
1004,69386,6,40,4.122515717380713,5
1004,69386,6,35,3.618116720086704,5
1004,69386,5,45,1.4087921409993496,5
1004,69386,6,45,3.7608287698000624,5
1004,69386,6,25,3.592198941066873,5
1004,69387,6,30,1.236423278869884,5
1004,69387,5,20,1.2027174554165994,5
1004,69387,6,20,4.092984759803895,5
1004,69387,5,25,3.494272910891071,5
1004,69387,6,40,4.092984759803895,5
1004,69387,5,40,1.236423278869884,5
1004,69387,6,20,4.792678370945184,5
1004,69387,6,35,4.792678370945184,5
1004,69387,6,45,1.236423278869884,5
1004,69387,6,40,1.236423278869884,5
1004,69387,6,30,1.236423278869884,5
1004,69387,6,30,1.2027174554165994,5
1004,69387,5,30,4.091617043550802,5
1004,69387,5,45,3.618116720086704,5
1004,69387,6,45,1.236423278869884,5
1004,69387,5,45,3.618116720086704,5
1004,69387,6,30,4.122515717380713,5
1004,69387,6,35,4.122515717380713,5
1004,69387,5,40,1.236423278869884,5
1004,69387,5,40,1.236423278869884,5
1004,69387,5,45,1.2944651215345426,5
1004,69387,6,35,3.7879632160226184,5
1004,69387,5,55,5.819278241591143,5
1004,69387,6,40,5.819278241591143,5
1004,69387,6,25,5.819278241591143,5
1004,69387,5,35,5.406825879395404,5
1004,69387,5,30,1.2944651215345426,5
1004,69387,6,50,6.3332362662066135,5
1004,69387,6,40,5.819278241591143,5
1004,69388,5,25,1.2944651215345426,5
1004,69388,6,25,3.494272910891071,5
1004,69388,6,40,1.236423278869884,5
1004,69388,5,25,4.122515717380713,5
1004,69388,6,45,3.7879632160226184,5
1004,69388,6,45,3.7879632160226184,5
1004,69388,6,30,1.2027174554165994,5
1004,69388,5,45,4.206283477539327,5
1004,69388,5,40,4.206283477539327,5
1004,69389,6,45,4.206283477539327,5
1004,69389,5,40,3.618116720086704,5
1004,69389,5,20,4.092984759803895,5
1004,69389,6,25,1.4087921409993496,5
1004,69389,5,40,1.236423278869884,5
1004,71270,5,35,5.0000157144242525,5
1004,71270,4,15,5.0000157144242525,5
1004,71270,5,55,4.091617043550802,5
1004,71497,5,50,5.558350676605923,5
1004,73008,6,20,1.4087921409993496,5
1004,73051,6,25,1.2944651215345426,5
1004,74010,5,40,1.236423278869884,5
1004,74256,5,55,3.618116720086704,5
1004,74281,5,15,5.0000157144242525,5
1004,75118,6,50,1.2944651215345426,5
1004,78640,5,30,1.2944651215345426,5
1004,91687,5,45,3.7608287698000624,5
1004,92026,6,40,1.2944651215345426,5
1004,92050,6,50,1.236423278869884,5
1004,94054,5,35,3.592198941066873,5
1004,97602,5,20,4.122515717380713,5
1004,99999,6,40,3.618116720086704,5
1004,99999,5,25,1.4087921409993496,5
